gene_id	confidence_tier_phase2	best_reference	reference_tier	pident	coverage_pct	n_samples_detected_of_18	total_tpm	taxonomy_LCA	taxonomy_best_hit_desc	taxonomy_OTU_supported	contig_n_genes	contig_relevant_neighbors	structural_evidence	n_evidence_lines_of_5	composite_score	priority_tier
PHW1_contig_70865_19	High-confidence	TierA|HAD|Rha0230|Rhodococcus_jostii_RHA1|PDB_3UMG	A	48.7	89.0	6	3.3386	Bacteria;Pseudomonadota;Betaproteobacteria;Burkholderiales;Comamonadaceae;Hydrogenophaga;	haloacid dehalogenase type II	True	18	2	Verified: 3UMG (TM=0.946, pLDDT=89.9)	6	155.9	Priority 1 (top validation target)
PCW1_contig_150234_1	High-confidence	Toolkit|ToolkitTierA|aromatic_F|CBAD2_ARTSP|Q9LCU3	A	30.5	89.1	14	10.1131	Bacteria;Pseudomonadota;Betaproteobacteria;Burkholderiales;Comamonadaceae;	enoyl-CoA hydratase/isomerase family protein	True	8	2	Verified: 1NZY (TM=0.926, pLDDT=79.8)	6	145.9	Priority 1 (top validation target)
MHW2_contig_176972_3	High-confidence	Toolkit|ToolkitTierA|aromatic_F|CBAD2_ARTSP|Q9LCU3	A	30.5	88.0	12	4.6462	Bacteria;Pseudomonadota;Betaproteobacteria;Rhodocyclales;Zoogloeaceae;Zoogloea;	enoyl-CoA hydratase/isomerase family protein	True	5	1	Verified: 1NZY (TM=0.911, pLDDT=79.8)	6	145.1	Priority 1 (top validation target)
PCW1_contig_8454_3	High-confidence	Toolkit|ToolkitTierA|aromatic_F|CBAD2_ARTSP|Q9LCU3	A	31.0	84.1	6	1.3822	Bacteria;Pseudomonadota;Alphaproteobacteria;Sphingomonadales;Sphingomonadaceae;Novosphingobium;	enoyl-CoA hydratase	True	3	1	Verified: 1NZY (TM=0.918, pLDDT=81.9)	6	143.5	Priority 1 (top validation target)
PHW2_contig_78442_19	High-confidence	Toolkit|ToolkitTierA|aromatic_F|CBADH_PSEUC|A5JTM5	A	30.9	81.8	3	0.6485	Bacteria;Pseudomonadota;Betaproteobacteria;	enoyl-CoA hydratase	True	18	5	Verified: 1NZY (TM=0.937, pLDDT=83.8)	6	142.3	Priority 1 (top validation target)
MSLW2_contig_7812_2	High-confidence	Toolkit|ToolkitTierA|aromatic_F|CBAD2_ARTSP|Q9LCU3	A	31.8	80.8	9	4.6525	Bacteria;Pseudomonadota;Gammaproteobacteria;Xanthomonadales;Xanthomonadaceae;Stenotrophomonas;	enoyl-CoA hydratase	True	7	1	Verified: 1NZY (TM=0.939, pLDDT=88.8)	6	142.2	Priority 1 (top validation target)
PHW1_contig_283624_2	High-confidence	Toolkit|ToolkitTierA|acetate_F|3UMB|Q8XZN3	A	65.0	95.7	14	6.788	Bacteria;Pseudomonadota;Betaproteobacteria;Rhodocyclales;Zoogloeaceae;Zoogloea;	haloacid dehalogenase type II	True	1	0	Verified: 3UMG (TM=0.891, pLDDT=94.0)	5	153.3	Priority 1 (top validation target)
PCW1_contig_209167_8	High-confidence	Toolkit|ToolkitTierA|aromatic_F|BCRB_THAAR|O87875	A	73.7	98.6	6	2.827	Bacteria;Pseudomonadota;Betaproteobacteria;	benzoyl-CoA reductase subunit B	True	7	2	Screened (priority subset structural model verified for representative family)	5	152.8	Priority 1 (top validation target)
MSLW1_contig_257141_2	High-confidence	TierA|FAcD|H-1|Delftia_acidovorans|Q01398	A	41.6	99.7	16	14.8245	Bacteria;Pseudomonadota;Betaproteobacteria;Rhodocyclales;Zoogloeaceae;Thauera;	hypothetical protein	True	1	0	Verified: 8SDC (TM=0.985, pLDDT=88.8)	5	143.0	Priority 1 (top validation target)
PCW1_contig_197165_1	High-confidence	TierA|HAD|Rha0230|Rhodococcus_jostii_RHA1|PDB_3UMG	A	52.2	72.4	4	0.9052	Bacteria;Pseudomonadota;Betaproteobacteria;Burkholderiales;Comamonadaceae;Hydrogenophaga;	haloacid dehalogenase type II	True	1	0	Verified: 3UMG (TM=0.933, pLDDT=78.1)	5	134.1	Priority 1 (top validation target)
PCW1_contig_226866_2	High-confidence	Toolkit|ToolkitTierA|aromatic_F|BCRD_THAAR|O87877	A	34.3	76.6	3	1.6574	Bacteria;Pseudomonadota;Betaproteobacteria;Rhodocyclales;Rhodocyclaceae;Aromatoleum;	CoA activase	True	2	1	Evaluated: TM=0.453 (pLDDT=93.0)	5	116.5	Priority 1 (top validation target)
SSLW1_contig_35515_2	High-confidence	Toolkit|ToolkitTierA|aromatic_F|CBAD2_ARTSP|Q9LCU3	A	31.2	80.1	16	11.3443	Bacteria;Pseudomonadota;Gammaproteobacteria;Pseudomonadales;Pseudomonadaceae;Pseudomonas;	enoyl-CoA hydratase	True	3	2	Screened (priority subset structural model verified for representative family)	5	116.5	Priority 1 (top validation target)
SHW2_contig_42012_6	High-confidence	Toolkit|ToolkitTierA|aromatic_F|CBAD2_ARTSP|Q9LCU3	A	31.1	76.8	12	4.5165	Bacteria;Pseudomonadota;Gammaproteobacteria;Pseudomonadales;Pseudomonadaceae;Pseudomonas;	crotonase/enoyl-CoA hydratase family protein	True	6	1	Screened (priority subset structural model verified for representative family)	5	114.9	Priority 1 (top validation target)
MCW1_contig_14112_12	High-confidence	Toolkit|ToolkitTierA|aromatic_F|CBAD2_ARTSP|Q9LCU3	A	34.5	72.5	14	29.8948	Bacteria;Pseudomonadota;Betaproteobacteria;Rhodocyclales;Zoogloeaceae;Thauera;	enoyl-CoA hydratase/isomerase family protein	True	14	1	Screened (priority subset structural model verified for representative family)	5	114.4	Priority 1 (top validation target)
MCW2_contig_70052_7	Moderate	Toolkit|ToolkitTierA|aromatic_F|CBAD2_ARTSP|Q9LCU3	A	36.9	63.8	6	8.7398	Bacteria;Pseudomonadota;Betaproteobacteria;Burkholderiales;	enoyl-CoA hydratase/isomerase family protein	True	13	1	Screened (priority subset structural model verified for representative family)	5	111.2	Priority 1 (top validation target)
MSLW2_contig_118078_2	Moderate	Toolkit|ToolkitTierA|aromatic_F|CBAD2_ARTSP|Q9LCU3	A	34.8	65.6	5	2.3725	Unknown	enoyl-CoA hydratase/isomerase family protein	True	11	1	Screened (priority subset structural model verified for representative family)	5	111.0	Priority 1 (top validation target)
PCW1_contig_257934_3	Moderate	Toolkit|ToolkitTierA|aromatic_F|CBAD2_ARTSP|Q9LCU3	A	33.3	65.2	4	1.407	Unknown	enoyl-CoA hydratase/isomerase family protein	True	11	4	Screened (priority subset structural model verified for representative family)	5	110.0	Priority 1 (top validation target)
PHW1_contig_198306_12	Moderate	Toolkit|ToolkitTierA|aromatic_F|CBAD1_ARTSP|O85078	A	28.6	69.6	9	2.3312	Bacteria;Pseudomonadota;Betaproteobacteria;Burkholderiales;Comamonadaceae;	enoyl-CoA hydratase/isomerase family protein	True	13	3	Screened (priority subset structural model verified for representative family)	5	109.9	Priority 1 (top validation target)
SSLW2_contig_131437_2	Moderate	Toolkit|ToolkitTierA|aromatic_F|CBAD2_ARTSP|Q9LCU3	A	30.1	66.3	6	1.708	Bacteria;Pseudomonadota;Gammaproteobacteria;Moraxellales;Moraxellaceae;Acinetobacter;	crotonase/enoyl-CoA hydratase family protein	True	7	1	Screened (priority subset structural model verified for representative family)	5	109.0	Priority 1 (top validation target)
MCW2_contig_123689_7	Moderate	Toolkit|ToolkitTierA|aromatic_F|CBAD1_ARTSP|O85078	A	28.1	67.0	3	1.5653	Bacteria;Pseudomonadota;Gammaproteobacteria;Pseudomonadales;Pseudomonadaceae;Pseudomonas;	crotonase/enoyl-CoA hydratase family protein	True	7	1	Screened (priority subset structural model verified for representative family)	5	108.2	Priority 1 (top validation target)
SHW2_contig_240912_4	Moderate	Toolkit|ToolkitTierA|aromatic_F|CBADH_PSEUC|A5JTM5	A	26.7	66.9	13	11.8234	Bacteria;Pseudomonadota;Betaproteobacteria;Burkholderiales;Comamonadaceae;	enoyl-CoA hydratase	True	4	1	Screened (priority subset structural model verified for representative family)	5	107.4	Priority 1 (top validation target)
PCW1_contig_209167_5	Moderate	Toolkit|ToolkitTierA|aromatic_F|CBAD2_ARTSP|Q9LCU3	A	25.9	61.6	3	3.2352	Bacteria;Pseudomonadota;Betaproteobacteria;	6-oxocyclohex-1-ene-1-carbonyl-CoA hydrolase	True	7	2	Screened (priority subset structural model verified for representative family)	5	104.4	Priority 1 (top validation target)
PCW1_contig_317704_1	Moderate	Toolkit|ToolkitTierA|aromatic_F|CBAD1_ARTSP|O85078	A	26.9	58.0	13	3.1958	Bacteria;Pseudomonadota;Gammaproteobacteria;Pseudomonadales;Pseudomonadaceae;Pseudomonas;	fatty acid oxidation complex subunit alpha FadB	True	3	1	Screened (priority subset structural model verified for representative family)	5	103.0	Priority 1 (top validation target)
PCW1_contig_209167_7	High-confidence	Toolkit|ToolkitTierA|aromatic_F|BCRC_THAAR|O87874	A	67.7	98.7	5	2.6916	Bacteria;Pseudomonadota;Betaproteobacteria;Burkholderiales;	benzoyl-CoA reductase subunit C	False	7	2	Evaluated: TM=0.492 (pLDDT=85.5)	4	133.7	Priority 1 (top validation target)
MCW2_contig_336329_1	High-confidence	TierA|DEF2|Dechloromonas_aromatica_RCB|Dechloromonas_aromatica|PDB_8SDC	A	44.6	96.0	2	0.4885	Bacteria;Pseudomonadota;Betaproteobacteria;Burkholderiales;Comamonadaceae;Limnohabitans;	alpha/beta hydrolase	True	1	0	Verified: 8SDC (TM=0.975, pLDDT=81.7)	4	132.8	Priority 1 (top validation target)
PHW2_contig_208717_3	High-confidence	Toolkit|ToolkitTierA|acetate_F|3UMB|Q8XZN3	A	53.3	98.3	3	3.1901	Unknown	haloacid dehalogenase type II	True	3	0	Screened (priority subset structural model verified for representative family)	4	123.3	Priority 1 (top validation target)
PSLW2_contig_404372_2	Moderate	Toolkit|ToolkitTierA|acetate_F|3UMB|Q8XZN3	A	60.9	67.0	3	1.4463	Unknown	haloacid dehalogenase type II	True	2	0	Screened (priority subset structural model verified for representative family)	4	110.9	Priority 1 (top validation target)
PHW1_contig_10141_2	High-confidence	Toolkit|ToolkitTierA|aromatic_F|CBAD1_ARTSP|O85078	A	30.2	97.1	6	4.1351	Unknown	hypothetical protein	True	4	0	Screened (priority subset structural model verified for representative family)	4	109.7	Priority 1 (top validation target)
MHW2_contig_75635_2	High-confidence	Toolkit|ToolkitTierA|aromatic_F|CBAD1_ARTSP|O85078	A	33.3	92.4	12	2.8348	Bacteria;Pseudomonadota;Betaproteobacteria;Rhodocyclales;	2-(1,2-epoxy-1,2-dihydrophenyl)acetyl-CoA isomerase	True	2	0	Screened (priority subset structural model verified for representative family)	4	109.0	Priority 1 (top validation target)
PSLW2_contig_255093_2	High-confidence	Toolkit|ToolkitTierA|aromatic_F|CBADH_PSEUC|A5JTM5	A	30.9	95.2	7	2.8587	Bacteria;Bacteroidota;Flavobacteriia;Flavobacteriales;Flavobacteriaceae;Flavobacterium;	enoyl-CoA hydratase	True	3	0	Screened (priority subset structural model verified for representative family)	4	109.0	Priority 1 (top validation target)
PHW2_contig_159635_2	High-confidence	Toolkit|ToolkitTierA|aromatic_F|CBAD1_ARTSP|O85078	A	33.6	91.7	16	16.9475	Bacteria;Pseudomonadota;Betaproteobacteria;Rhodocyclales;	2-(1,2-epoxy-1,2-dihydrophenyl)acetyl-CoA isomerase	True	2	0	Screened (priority subset structural model verified for representative family)	4	108.9	Priority 1 (top validation target)
MCW2_contig_347009_2	High-confidence	Toolkit|ToolkitTierA|aromatic_F|ATZA_PSESD|P72156	A	31.3	92.4	5	0.6573	Bacteria;Pseudomonadota;Alphaproteobacteria;Rhodobacterales;Paracoccaceae;	8-oxoguanine deaminase	True	4	0	Screened (priority subset structural model verified for representative family)	4	108.5	Priority 1 (top validation target)
MCW1_contig_138914_8	High-confidence	Toolkit|ToolkitTierA|aromatic_F|ATZA_PSESD|P72156	A	32.3	90.9	15	30.2806	NA	NA	False	10	1	Screened (priority subset structural model verified for representative family)	4	108.2	Priority 1 (top validation target)
SSLW1_contig_22436_1	High-confidence	Toolkit|ToolkitTierA|aromatic_F|CBAD2_ARTSP|Q9LCU3	A	32.1	91.3	15	18.4667	Bacteria;Pseudomonadota;Betaproteobacteria;Rhodocyclales;Zoogloeaceae;	enoyl-CoA hydratase	True	1	0	Screened (priority subset structural model verified for representative family)	4	107.8	Priority 1 (top validation target)
SSLW2_contig_112047_42	High-confidence	Toolkit|ToolkitTierA|aromatic_F|ATZA_PSESD|P72156	A	30.5	89.9	18	47.3675	Unknown	chlorohydrolase	False	52	5	Screened (priority subset structural model verified for representative family)	4	107.1	Priority 1 (top validation target)
MCW1_contig_14112_7	High-confidence	Toolkit|ToolkitTierA|aromatic_F|CBAD1_ARTSP|O85078	A	33.2	88.4	16	35.3307	Bacteria;Pseudomonadota;Betaproteobacteria;Rhodocyclales;	2-(1,2-epoxy-1,2-dihydrophenyl)acetyl-CoA isomerase	False	14	1	Screened (priority subset structural model verified for representative family)	4	107.1	Priority 1 (top validation target)
SHW1_contig_80617_4	High-confidence	Toolkit|ToolkitTierA|aromatic_F|CBAD2_ARTSP|Q9LCU3	A	32.0	89.5	11	3.8671	Bacteria;Pseudomonadota;Betaproteobacteria;Rhodocyclales;	enoyl-CoA hydratase/isomerase family protein	True	4	0	Screened (priority subset structural model verified for representative family)	4	106.7	Priority 1 (top validation target)
PHW2_contig_338015_1	High-confidence	Toolkit|ToolkitTierA|aromatic_F|CBAD2_ARTSP|Q9LCU3	A	32.8	87.3	6	1.2414	Bacteria;Pseudomonadota;Betaproteobacteria;Burkholderiales;Comamonadaceae;	enoyl-CoA hydratase	True	2	0	Screened (priority subset structural model verified for representative family)	4	106.1	Priority 1 (top validation target)
PSLW2_contig_380552_1	High-confidence	Toolkit|ToolkitTierA|aromatic_F|ATZA_PSESD|P72156	A	30.7	88.6	5	3.9912	Unknown	8-oxoguanine deaminase	True	1	0	Screened (priority subset structural model verified for representative family)	4	106.0	Priority 1 (top validation target)
MSLW2_contig_173051_15	High-confidence	Toolkit|ToolkitTierA|aromatic_F|CBAD2_ARTSP|Q9LCU3	A	34.8	73.9	2	1.9787	Bacteria;Pseudomonadota;Gammaproteobacteria;Aeromonadales;Aeromonadaceae;Aeromonas;	enoyl-CoA hydratase	True	17	4	Screened (priority subset structural model verified for representative family)	4	105.4	Priority 1 (top validation target)
MSLW2_contig_118992_3	High-confidence	Toolkit|ToolkitTierA|aromatic_F|ATZA_PSESD|P72156	A	30.3	87.1	11	2.7897	Unknown	TRZ/ATZ family hydrolase	True	3	0	Screened (priority subset structural model verified for representative family)	4	105.2	Priority 1 (top validation target)
MSLW2_contig_9553_2	High-confidence	Toolkit|ToolkitTierA|aromatic_F|CBADH_PSEUC|A5JTM5	A	32.5	85.9	9	1.4656	Bacteria;Pseudomonadota;Betaproteobacteria;	enoyl-CoA hydratase	True	2	0	Screened (priority subset structural model verified for representative family)	4	105.2	Priority 1 (top validation target)
PHW1_contig_169682_2	High-confidence	Toolkit|ToolkitTierA|aromatic_F|CBADH_PSEUC|A5JTM5	A	31.9	86.2	5	2.5297	Bacteria;Pseudomonadota;Betaproteobacteria;Burkholderiales;Comamonadaceae;	enoyl-CoA hydratase	True	2	0	Screened (priority subset structural model verified for representative family)	4	105.0	Priority 1 (top validation target)
PHW1_contig_58024_2	High-confidence	Toolkit|ToolkitTierA|aromatic_F|CBAD2_ARTSP|Q9LCU3	A	30.2	87.7	6	2.266	Bacteria;Pseudomonadota;Betaproteobacteria;Burkholderiales;Comamonadaceae;	enoyl-CoA hydratase	True	2	0	Screened (priority subset structural model verified for representative family)	4	104.9	Priority 1 (top validation target)
SHW1_contig_28295_1	High-confidence	Toolkit|ToolkitTierA|aromatic_F|CBAD2_ARTSP|Q9LCU3	A	31.4	85.5	14	18.008	Bacteria;Pseudomonadota;Betaproteobacteria;Rhodocyclales;Zoogloeaceae;	enoyl-CoA hydratase/isomerase family protein	True	1	0	Screened (priority subset structural model verified for representative family)	4	104.5	Priority 1 (top validation target)
PCW1_contig_274324_2	High-confidence	Toolkit|ToolkitTierA|aromatic_F|CBADH_PSEUC|A5JTM5	A	30.7	85.9	9	1.6118	Bacteria;Pseudomonadota;Betaproteobacteria;	enoyl-CoA hydratase	True	2	0	Screened (priority subset structural model verified for representative family)	4	104.2	Priority 1 (top validation target)
MCW2_contig_320491_2	High-confidence	Toolkit|ToolkitTierA|aromatic_F|CBAD2_ARTSP|Q9LCU3	A	30.8	84.8	3	1.8394	Bacteria;Pseudomonadota;Betaproteobacteria;Rhodocyclales;Azonexaceae;	enoyl-CoA hydratase/isomerase family protein	True	1	0	Screened (priority subset structural model verified for representative family)	4	103.8	Priority 1 (top validation target)
PCW1_contig_427794_2	High-confidence	Toolkit|ToolkitTierA|aromatic_F|CBAD2_ARTSP|Q9LCU3	A	33.0	82.2	13	11.9208	Bacteria;Pseudomonadota;Betaproteobacteria;Rhodocyclales;Zoogloeaceae;	enoyl-CoA hydratase/isomerase family protein	True	1	0	Screened (priority subset structural model verified for representative family)	4	103.7	Priority 1 (top validation target)
PSLW2_contig_444812_15	High-confidence	Toolkit|ToolkitTierA|aromatic_F|CBADH_PSEUC|A5JTM5	A	34.4	81.0	5	8.6539	Bacteria;Pseudomonadota;Betaproteobacteria;Burkholderiales;Sphaerotilaceae;Sphaerotilus;	enoyl-CoA hydratase	True	11	0	Screened (priority subset structural model verified for representative family)	4	103.6	Priority 1 (top validation target)
MSLW2_contig_281232_1	High-confidence	TierA|FAcD|H-1|Delftia_acidovorans|Q01398	A	47.9	65.3	3	0.3951	Bacteria;Pseudomonadota;Betaproteobacteria;Rhodocyclales;Zoogloeaceae;Thauera;	hypothetical protein	True	1	0	Screened (priority subset structural model verified for representative family)	4	103.5	Priority 1 (top validation target)
MCW2_contig_315811_2	High-confidence	Toolkit|ToolkitTierA|aromatic_F|CBADH_PSEUC|A5JTM5	A	30.8	84.4	10	9.1644	Bacteria;Bacteroidota;Flavobacteriia;Flavobacteriales;Weeksellaceae;	1,4-dihydroxy-2-naphthoyl-CoA synthase	True	2	0	Screened (priority subset structural model verified for representative family)	4	103.5	Priority 1 (top validation target)
PSLW2_contig_89189_8	High-confidence	Toolkit|ToolkitTierA|aromatic_F|CBAD1_ARTSP|O85078	A	34.0	70.3	1	0.9611	Unknown	enoyl-CoA hydratase	True	10	1	Screened (priority subset structural model verified for representative family)	4	103.2	Priority 1 (top validation target)
MHW2_contig_95492_1	High-confidence	Toolkit|ToolkitTierA|aromatic_F|CBAD2_ARTSP|Q9LCU3	A	31.4	83.0	9	1.3093	Bacteria;Pseudomonadota;Betaproteobacteria;Rhodocyclales;Zoogloeaceae;Thauera;	crotonase/enoyl-CoA hydratase family protein	True	1	0	Screened (priority subset structural model verified for representative family)	4	103.1	Priority 1 (top validation target)
PCW1_contig_17347_3	High-confidence	Toolkit|ToolkitTierA|aromatic_F|CBAD2_ARTSP|Q9LCU3	A	36.0	77.5	4	1.4856	Bacteria;Pseudomonadota;Gammaproteobacteria;Xanthomonadales;Xanthomonadaceae;	enoyl-CoA hydratase	True	2	0	Screened (priority subset structural model verified for representative family)	4	102.8	Priority 1 (top validation target)
SSLW2_contig_91600_45	High-confidence	Toolkit|ToolkitTierA|aromatic_F|CBAD2_ARTSP|Q9LCU3	A	31.6	81.5	4	4.6693	NA	NA	False	165	2	Screened (priority subset structural model verified for representative family)	4	102.6	Priority 1 (top validation target)
PCW1_contig_138666_2	High-confidence	Toolkit|ToolkitTierA|aromatic_F|CBADH_PSEUC|A5JTM5	A	31.4	81.8	13	10.3383	Bacteria;Pseudomonadota;Betaproteobacteria;Rhodocyclales;	MULTISPECIES: enoyl-CoA hydratase	True	1	0	Screened (priority subset structural model verified for representative family)	4	102.5	Priority 1 (top validation target)
PCW1_contig_51368_2	High-confidence	Toolkit|ToolkitTierA|aromatic_F|CBAD2_ARTSP|Q9LCU3	A	33.6	78.6	3	0.6754	Bacteria;Pseudomonadota;Alphaproteobacteria;	2-(1,2-epoxy-1,2-dihydrophenyl)acetyl-CoA isomerase	True	3	0	Screened (priority subset structural model verified for representative family)	4	102.3	Priority 1 (top validation target)
MHW1_contig_254094_13	Moderate	Toolkit|ToolkitTierA|aromatic_F|CBAD2_ARTSP|Q9LCU3	A	33.3	68.5	2	9.6341	Bacteria;Pseudomonadota;Gammaproteobacteria;Pseudomonadales;Pseudomonadaceae;Pseudomonas;	crotonase/enoyl-CoA hydratase family protein	True	18	3	Screened (priority subset structural model verified for representative family)	4	101.9	Priority 1 (top validation target)
MCW2_contig_42619_2	High-confidence	Toolkit|ToolkitTierA|aromatic_F|CBAD1_ARTSP|O85078	A	36.6	74.3	3	1.9859	Bacteria;Pseudomonadota;Betaproteobacteria;Rhodocyclales;	2-(1,2-epoxy-1,2-dihydrophenyl)acetyl-CoA isomerase	True	1	0	Screened (priority subset structural model verified for representative family)	4	101.6	Priority 1 (top validation target)
PSLW2_contig_139109_1	High-confidence	Toolkit|ToolkitTierA|aromatic_F|CBAD2_ARTSP|Q9LCU3	A	30.6	71.0	2	1.0141	Bacteria;Bacteroidota;Flavobacteriia;Flavobacteriales;Flavobacteriaceae;Flavobacterium;	1,4-dihydroxy-2-naphthoyl-CoA synthase	True	3	1	Screened (priority subset structural model verified for representative family)	4	101.6	Priority 1 (top validation target)
PCW2_contig_187473_2	High-confidence	Toolkit|ToolkitTierA|aromatic_F|CBAD1_ARTSP|O85078	A	30.5	71.4	1	1.3075	Bacteria;Pseudomonadota;Gammaproteobacteria;Vibrionales;Vibrionaceae;Vibrio;Vibrio_parahaemolyticus;	enoyl-CoA hydratase	True	9	1	Screened (priority subset structural model verified for representative family)	4	101.6	Priority 1 (top validation target)
SHW2_contig_313261_2	High-confidence	Toolkit|ToolkitTierA|aromatic_F|CBAD2_ARTSP|Q9LCU3	A	32.6	77.9	9	1.6268	Unknown	enoyl-CoA hydratase	True	2	0	Screened (priority subset structural model verified for representative family)	4	101.3	Priority 1 (top validation target)
PSLW1_contig_127910_2	High-confidence	Toolkit|ToolkitTierA|aromatic_F|CBADH_PSEUC|A5JTM5	A	34.3	75.8	4	0.4851	Bacteria;Bacteroidota;Bacteroidia;Bacteroidales;	1,4-dihydroxy-2-naphthoyl-CoA synthase	True	3	0	Screened (priority subset structural model verified for representative family)	4	101.0	Priority 1 (top validation target)
PCW1_contig_283326_2	High-confidence	Toolkit|ToolkitTierA|aromatic_F|CBAD2_ARTSP|Q9LCU3	A	30.1	79.3	3	0.5309	Unknown	enoyl-CoA hydratase, partial	True	3	0	Screened (priority subset structural model verified for representative family)	4	100.6	Priority 1 (top validation target)
PSLW2_contig_201453_1	High-confidence	Toolkit|ToolkitTierA|aromatic_F|CBAD2_ARTSP|Q9LCU3	A	31.2	77.9	5	1.3338	Bacteria;Pseudomonadota;Betaproteobacteria;Rhodocyclales;	enoyl-CoA hydratase/isomerase family protein	True	2	0	Screened (priority subset structural model verified for representative family)	4	100.4	Priority 1 (top validation target)
SHW2_contig_61155_3	High-confidence	Toolkit|ToolkitTierA|aromatic_F|CBAD1_ARTSP|O85078	A	30.0	78.6	11	9.4615	Bacteria;Pseudomonadota;Betaproteobacteria;Burkholderiales;unknown;Aquabacterium;	enoyl-CoA hydratase	True	2	0	Screened (priority subset structural model verified for representative family)	4	100.2	Priority 1 (top validation target)
PCW1_contig_164347_4	High-confidence	Toolkit|ToolkitTierA|aromatic_F|CBAD2_ARTSP|Q9LCU3	A	32.5	75.7	12	5.0299	Bacteria;Pseudomonadota;Betaproteobacteria;Burkholderiales;Comamonadaceae;Variovorax;	enoyl-CoA hydratase/isomerase family protein	True	5	0	Screened (priority subset structural model verified for representative family)	4	100.1	Priority 1 (top validation target)
PCW1_contig_85028_1	Moderate	Toolkit|ToolkitTierA|aromatic_F|CBAD1_ARTSP|O85078	A	33.3	65.2	1	0.139	Unknown	enoyl-CoA hydratase/isomerase family protein	True	2	1	Screened (priority subset structural model verified for representative family)	4	100.0	Priority 1 (top validation target)
MSLW1_contig_120158_2	High-confidence	Toolkit|ToolkitTierA|aromatic_F|CBADH_PSEUC|A5JTM5	A	30.4	77.0	16	6.4017	Unknown	hypothetical protein	True	3	0	Screened (priority subset structural model verified for representative family)	4	99.7	Priority 1 (top validation target)
SCW1_contig_244672_3	High-confidence	Toolkit|ToolkitTierA|aromatic_F|CBADH_PSEUC|A5JTM5	A	32.0	75.5	15	6.903	Unknown	1,4-dihydroxy-2-naphthoyl-CoA synthase	True	2	0	Screened (priority subset structural model verified for representative family)	4	99.6	Priority 1 (top validation target)
PHW1_contig_312722_1	High-confidence	Toolkit|ToolkitTierA|aromatic_F|CBAD2_ARTSP|Q9LCU3	A	34.7	72.1	8	1.5113	Unknown	enoyl-CoA hydratase	True	1	0	Screened (priority subset structural model verified for representative family)	4	99.5	Priority 1 (top validation target)
PCW1_contig_326825_1	High-confidence	Toolkit|ToolkitTierA|aromatic_F|CBAD2_ARTSP|Q9LCU3	A	34.7	72.1	5	1.1501	Bacteria;Pseudomonadota;Betaproteobacteria;Burkholderiales;Comamonadaceae;Acidovorax;	enoyl-CoA hydratase	True	2	0	Screened (priority subset structural model verified for representative family)	4	99.4	Priority 1 (top validation target)
SHW2_contig_308473_2	High-confidence	Toolkit|ToolkitTierA|aromatic_F|CBADH_PSEUC|A5JTM5	A	31.2	75.1	15	4.0855	Bacteria;Bacteroidota;Bacteroidia;Bacteroidales;	1,4-dihydroxy-2-naphthoyl-CoA synthase	True	2	0	Screened (priority subset structural model verified for representative family)	4	99.0	Priority 1 (top validation target)
PHW2_contig_159336_2	High-confidence	Toolkit|ToolkitTierA|aromatic_F|CBAD1_ARTSP|O85078	A	33.5	72.5	15	13.1368	Unknown	crotonase/enoyl-CoA hydratase family protein	True	1	0	Screened (priority subset structural model verified for representative family)	4	98.9	Priority 1 (top validation target)
PSLW1_contig_109490_2	Moderate	Toolkit|ToolkitTierA|aromatic_F|CBAD2_ARTSP|Q9LCU3	A	36.1	69.2	11	2.881	Bacteria;Pseudomonadota;Betaproteobacteria;Rhodocyclales;Zoogloeaceae;	enoyl-CoA hydratase	True	2	0	Screened (priority subset structural model verified for representative family)	4	98.8	Priority 1 (top validation target)
SHW2_contig_319273_2	High-confidence	Toolkit|ToolkitTierA|aromatic_F|CBADH_PSEUC|A5JTM5	A	30.0	75.5	6	1.6482	Bacteria;Pseudomonadota;Betaproteobacteria;Burkholderiales;Comamonadaceae;Acidovorax;	enoyl-CoA hydratase	True	2	0	Screened (priority subset structural model verified for representative family)	4	98.6	Priority 1 (top validation target)
SHW2_contig_128052_2	High-confidence	Toolkit|ToolkitTierA|aromatic_F|CBADH_PSEUC|A5JTM5	A	31.2	74.0	6	2.8556	Bacteria;Pseudomonadota;Betaproteobacteria;Burkholderiales;Comamonadaceae;	enoyl-CoA hydratase	True	1	0	Screened (priority subset structural model verified for representative family)	4	98.5	Priority 1 (top validation target)
SHW2_contig_218893_3	High-confidence	Toolkit|ToolkitTierA|aromatic_F|CBADH_PSEUC|A5JTM5	A	33.0	72.1	17	56.8366	Bacteria;Pseudomonadota;Betaproteobacteria;Rhodocyclales;Zoogloeaceae;Thauera;	enoyl-CoA hydratase	True	2	0	Screened (priority subset structural model verified for representative family)	4	98.4	Priority 1 (top validation target)
PSLW1_contig_251761_1	High-confidence	Toolkit|ToolkitTierA|aromatic_F|CBAD2_ARTSP|Q9LCU3	A	32.5	72.5	7	1.4411	Bacteria;Pseudomonadota;Betaproteobacteria;Rhodocyclales;Zoogloeaceae;Thauera;	crotonase/enoyl-CoA hydratase family protein	True	1	0	Screened (priority subset structural model verified for representative family)	4	98.3	Priority 1 (top validation target)
PHW1_contig_310384_2	High-confidence	Toolkit|ToolkitTierA|aromatic_F|CBAD1_ARTSP|O85078	A	30.9	73.9	15	5.841	Bacteria;Pseudomonadota;Betaproteobacteria;Burkholderiales;Comamonadaceae;Acidovorax;	enoyl-CoA hydratase/isomerase family protein	True	1	0	Screened (priority subset structural model verified for representative family)	4	98.2	Priority 1 (top validation target)
PCW1_contig_104348_2	Moderate	Toolkit|ToolkitTierA|acetate_F|3UMB|Q8XZN3	A	42.1	62.2	3	0.8239	Unknown	haloacid dehalogenase type II	True	2	0	Screened (priority subset structural model verified for representative family)	4	98.2	Priority 1 (top validation target)
PSLW2_contig_458013_1	Moderate	Toolkit|ToolkitTierA|aromatic_F|CBAD1_ARTSP|O85078	A	27.2	66.7	1	0.5064	Bacteria;Bacteroidota;Flavobacteriia;Flavobacteriales;Weeksellaceae;	1,4-dihydroxy-2-naphthoyl-CoA synthase	True	2	1	Screened (priority subset structural model verified for representative family)	4	97.5	Priority 1 (top validation target)
PSLW2_contig_132512_2	High-confidence	Toolkit|ToolkitTierA|aromatic_F|CBAD1_ARTSP|O85078	A	30.5	72.5	4	1.6875	Bacteria;Pseudomonadota;Betaproteobacteria;Burkholderiales;Sphaerotilaceae;	crotonase/enoyl-CoA hydratase family protein	True	1	0	Screened (priority subset structural model verified for representative family)	4	97.4	Priority 1 (top validation target)
SHW2_contig_35821_1	Moderate	Toolkit|ToolkitTierA|aromatic_F|CBAD2_ARTSP|Q9LCU3	A	33.7	68.8	3	0.2318	Bacteria;Pseudomonadota;	p-hydroxycinnamoyl CoA hydratase/lyase	True	1	0	Screened (priority subset structural model verified for representative family)	4	97.2	Priority 1 (top validation target)
SHW1_contig_271054_2	High-confidence	Toolkit|ToolkitTierA|aromatic_F|CBAD1_ARTSP|O85078	A	30.0	72.5	9	10.1228	Bacteria;Pseudomonadota;Betaproteobacteria;Burkholderiales;Comamonadaceae;	enoyl-CoA hydratase	True	2	0	Screened (priority subset structural model verified for representative family)	4	97.1	Priority 1 (top validation target)
MCW1_contig_106756_1	High-confidence	Toolkit|ToolkitTierA|aromatic_F|CBAD2_ARTSP|Q9LCU3	A	31.8	70.7	9	4.0199	Bacteria;Pseudomonadota;	enoyl-CoA hydratase/isomerase family protein	True	1	0	Screened (priority subset structural model verified for representative family)	4	97.0	Priority 1 (top validation target)
PSLW1_contig_185282_4	High-confidence	Toolkit|ToolkitTierA|aromatic_F|CBAD2_ARTSP|Q9LCU3	A	31.3	70.7	16	31.9318	Bacteria;Pseudomonadota;Betaproteobacteria;Rhodocyclales;Zoogloeaceae;	enoyl-CoA hydratase	False	9	1	Screened (priority subset structural model verified for representative family)	4	96.9	Priority 1 (top validation target)
SHW2_contig_223093_2	Moderate	Toolkit|ToolkitTierA|aromatic_F|CBAD2_ARTSP|Q9LCU3	A	34.0	68.1	6	1.8442	Bacteria;Pseudomonadota;Gammaproteobacteria;Xanthomonadales;Xanthomonadaceae;Stenotrophomonas;	3-hydroxyacyl-CoA dehydrogenase	True	5	0	Screened (priority subset structural model verified for representative family)	4	96.8	Priority 1 (top validation target)
PCW1_contig_8334_2	Moderate	TierA|HAD|P2_P6|Gordonibacter_Guopingia|WP_178618037.1	A	29.3	63.3	1	0.9566	Bacteria;Pseudomonadota;Gammaproteobacteria;Xanthomonadales;Xanthomonadaceae;Thermomonas;	HAD-IA family hydrolase	True	2	1	Screened (priority subset structural model verified for representative family)	4	96.8	Priority 1 (top validation target)
SHW2_contig_229815_1	Moderate	Toolkit|ToolkitTierA|aromatic_F|CBADH_PSEUC|A5JTM5	A	32.8	69.1	6	1.5203	Bacteria;Pseudomonadota;Betaproteobacteria;Burkholderiales;Comamonadaceae;	MULTISPECIES: 2-ketocyclohexanecarboxyl-CoA hydrolase	True	1	0	Screened (priority subset structural model verified for representative family)	4	96.7	Priority 1 (top validation target)
PCW1_contig_86044_1	Moderate	Toolkit|ToolkitTierA|aromatic_F|CBADH_PSEUC|A5JTM5	A	34.1	66.5	4	2.2984	Bacteria;Pseudomonadota;Alphaproteobacteria;Rhodobacterales;Paracoccaceae;	enoyl-CoA hydratase	True	1	0	Screened (priority subset structural model verified for representative family)	4	96.3	Priority 1 (top validation target)
SHW1_contig_15215_1	Moderate	Toolkit|ToolkitTierA|aromatic_F|CBAD1_ARTSP|O85078	A	31.7	68.5	5	1.0314	Bacteria;Pseudomonadota;Alphaproteobacteria;Caulobacterales;Caulobacteraceae;Phenylobacterium;	MULTISPECIES: enoyl-CoA hydratase	True	1	0	Screened (priority subset structural model verified for representative family)	4	96.2	Priority 1 (top validation target)
MCW2_contig_226233_1	Moderate	Toolkit|ToolkitTierA|aromatic_F|CBAD2_ARTSP|Q9LCU3	A	36.4	63.8	3	0.5373	Bacteria;Pseudomonadota;Betaproteobacteria;Burkholderiales;Comamonadaceae;Acidovorax;	enoyl-CoA hydratase	True	1	0	Screened (priority subset structural model verified for representative family)	4	96.1	Priority 1 (top validation target)
PHW1_contig_335285_2	Moderate	Toolkit|ToolkitTierA|aromatic_F|CBADH_PSEUC|A5JTM5	A	31.0	68.4	9	1.4548	Bacteria;Pseudomonadota;Betaproteobacteria;Burkholderiales;Comamonadaceae;Ottowia;	enoyl-CoA hydratase	True	2	0	Screened (priority subset structural model verified for representative family)	4	95.5	Priority 1 (top validation target)
PSLW2_contig_133590_3	Moderate	Toolkit|ToolkitTierA|aromatic_F|CBAD2_ARTSP|Q9LCU3	A	29.8	69.2	5	1.3699	Bacteria;Bacteroidota;Flavobacteriia;Flavobacteriales;Weeksellaceae;Chryseobacterium;	enoyl-CoA hydratase	True	3	0	Screened (priority subset structural model verified for representative family)	4	95.4	Priority 1 (top validation target)
MCW2_contig_102209_2	Moderate	Toolkit|ToolkitTierA|aromatic_F|CBAD2_ARTSP|Q9LCU3	A	29.7	69.6	8	1.824	Bacteria;Pseudomonadota;Betaproteobacteria;Rhodocyclales;	crotonase	True	1	0	Screened (priority subset structural model verified for representative family)	4	95.3	Priority 1 (top validation target)
MSLW2_contig_386653_2	Moderate	Toolkit|ToolkitTierA|aromatic_F|CBADH_PSEUC|A5JTM5	A	31.0	68.4	4	0.6806	Bacteria;Pseudomonadota;Betaproteobacteria;Nitrosomonadales;Sterolibacteriaceae;Methyloversatilis;	Alpha-subunit of fatty acid oxidation complex	True	1	0	Screened (priority subset structural model verified for representative family)	4	95.3	Priority 1 (top validation target)
MSLW2_contig_220753_2	Moderate	Toolkit|ToolkitTierA|aromatic_F|CBAD2_ARTSP|Q9LCU3	A	29.9	67.8	6	1.7395	Unknown	enoyl-CoA hydratase/isomerase family protein	True	1	0	Screened (priority subset structural model verified for representative family)	4	94.8	Priority 1 (top validation target)
PSLW2_contig_399930_1	Moderate	Toolkit|ToolkitTierA|aromatic_F|CBAD1_ARTSP|O85078	A	28.9	68.8	5	0.6856	Bacteria;Pseudomonadota;Betaproteobacteria;Burkholderiales;Comamonadaceae;	MULTISPECIES: crotonase/enoyl-CoA hydratase family protein	True	1	0	Screened (priority subset structural model verified for representative family)	4	94.7	Priority 1 (top validation target)
PHW1_contig_227045_2	Moderate	Toolkit|ToolkitTierA|aromatic_F|CBAD2_ARTSP|Q9LCU3	A	29.1	68.5	5	2.524	Bacteria;Campylobacterota;Epsilonproteobacteria;Campylobacterales;Arcobacteraceae;Arcobacter;	enoyl-CoA hydratase	True	2	0	Screened (priority subset structural model verified for representative family)	4	94.6	Priority 1 (top validation target)
MCW2_contig_219559_1	Moderate	Toolkit|ToolkitTierA|aromatic_F|CBAD2_ARTSP|Q9LCU3	A	30.3	67.0	6	0.7413	Bacteria;Pseudomonadota;Gammaproteobacteria;Moraxellales;Moraxellaceae;Acinetobacter;	MULTISPECIES: crotonase/enoyl-CoA hydratase family protein	True	1	0	Screened (priority subset structural model verified for representative family)	4	94.5	Priority 1 (top validation target)
MSLW2_contig_16271_1	Moderate	Toolkit|ToolkitTierA|aromatic_F|CBAD2_ARTSP|Q9LCU3	A	32.8	64.1	8	1.9313	Bacteria;Pseudomonadota;	enoyl-CoA hydratase	True	2	0	Screened (priority subset structural model verified for representative family)	4	94.3	Priority 1 (top validation target)
SHW1_contig_190057_1	Moderate	Toolkit|ToolkitTierA|aromatic_F|CBAD2_ARTSP|Q9LCU3	A	35.3	61.6	7	0.9929	Bacteria;Pseudomonadota;Gammaproteobacteria;Xanthomonadales;Xanthomonadaceae;	MULTISPECIES: enoyl-CoA hydratase	True	1	0	Screened (priority subset structural model verified for representative family)	4	94.3	Priority 1 (top validation target)
SCW1_contig_293559_1	Moderate	Toolkit|ToolkitTierA|aromatic_F|CBAD1_ARTSP|O85078	A	34.3	62.3	9	7.4765	Bacteria;Pseudomonadota;Betaproteobacteria;Burkholderiales;Comamonadaceae;	enoyl-CoA hydratase	True	1	0	Screened (priority subset structural model verified for representative family)	4	94.2	Priority 1 (top validation target)
SHW1_contig_261816_5	Moderate	Toolkit|ToolkitTierA|aromatic_F|CBAD1_ARTSP|O85078	A	30.9	65.6	12	9.6486	Bacteria;Pseudomonadota;Betaproteobacteria;Burkholderiales;Comamonadaceae;	enoyl-CoA hydratase	True	6	0	Screened (priority subset structural model verified for representative family)	4	94.1	Priority 1 (top validation target)
PCW1_contig_26886_2	Moderate	Toolkit|ToolkitTierA|aromatic_F|CBAD2_ARTSP|Q9LCU3	A	28.0	68.5	6	2.0899	Unknown	enoyl-CoA hydratase/isomerase family protein	True	2	0	Screened (priority subset structural model verified for representative family)	4	94.0	Priority 1 (top validation target)
PCW1_contig_229326_1	Moderate	Toolkit|ToolkitTierA|aromatic_F|CBAD2_ARTSP|Q9LCU3	A	35.1	60.9	7	2.7873	Bacteria;Pseudomonadota;Betaproteobacteria;Burkholderiales;Comamonadaceae;Acidovorax;	enoyl-CoA hydratase	True	1	0	Screened (priority subset structural model verified for representative family)	4	93.9	Priority 1 (top validation target)
MCW1_contig_264975_1	Moderate	Toolkit|ToolkitTierA|aromatic_F|CBAD2_ARTSP|Q9LCU3	A	32.6	63.4	4	1.1672	Bacteria;Pseudomonadota;Betaproteobacteria;Rhodocyclales;Zoogloeaceae;Zoogloea;	enoyl-CoA hydratase	True	1	0	Screened (priority subset structural model verified for representative family)	4	93.9	Priority 1 (top validation target)
MCW1_contig_180552_3	Moderate	Toolkit|ToolkitTierA|aromatic_F|CBAD2_ARTSP|Q9LCU3	A	27.2	69.2	15	5.6321	Bacteria;Actinomycetota;Actinomycetes;Propionibacteriales;Propionibacteriaceae;	1,4-dihydroxy-2-naphthoyl-CoA synthase	True	1	0	Screened (priority subset structural model verified for representative family)	4	93.9	Priority 1 (top validation target)
PCW1_contig_198608_2	Moderate	Toolkit|ToolkitTierA|aromatic_F|CBAD2_ARTSP|Q9LCU3	A	31.6	64.1	7	1.8666	Bacteria;Pseudomonadota;Gammaproteobacteria;Pseudomonadales;Pseudomonadaceae;Pseudomonas;	enoyl-CoA hydratase	True	3	0	Screened (priority subset structural model verified for representative family)	4	93.8	Priority 1 (top validation target)
PHW1_contig_195664_2	Moderate	Toolkit|ToolkitTierA|aromatic_F|CBAD2_ARTSP|Q9LCU3	A	28.5	67.4	14	9.1205	Bacteria;Pseudomonadota;Betaproteobacteria;Burkholderiales;Comamonadaceae;	enoyl-CoA hydratase/isomerase family protein	True	2	0	Screened (priority subset structural model verified for representative family)	4	93.6	Priority 1 (top validation target)
MCW2_contig_84092_1	Moderate	Toolkit|ToolkitTierA|aromatic_F|CBADH_PSEUC|A5JTM5	A	34.1	61.0	5	2.3087	Bacteria;Pseudomonadota;Betaproteobacteria;	1,4-dihydroxy-2-naphthoyl-CoA synthase	True	1	0	Screened (priority subset structural model verified for representative family)	4	93.4	Priority 1 (top validation target)
SCW1_contig_341209_12	Moderate	Toolkit|ToolkitTierA|aromatic_F|CBAD2_ARTSP|Q9LCU3	A	32.4	62.7	16	65.2046	NA	NA	False	12	1	Screened (priority subset structural model verified for representative family)	4	93.4	Priority 1 (top validation target)
PHW1_contig_291361_6	Moderate	Toolkit|ToolkitTierA|aromatic_F|CBAD2_ARTSP|Q9LCU3	A	29.0	66.3	3	2.4133	NA	NA	False	25	1	Screened (priority subset structural model verified for representative family)	4	93.4	Priority 1 (top validation target)
SHW2_contig_106035_3	Moderate	Toolkit|ToolkitTierA|aromatic_F|CBAD1_ARTSP|O85078	A	29.8	65.6	4	1.3762	Bacteria;Pseudomonadota;Betaproteobacteria;Burkholderiales;Comamonadaceae;Acidovorax;	enoyl-CoA hydratase/isomerase family protein	True	2	0	Screened (priority subset structural model verified for representative family)	4	93.4	Priority 1 (top validation target)
MSLW2_contig_187258_2	Moderate	Toolkit|ToolkitTierA|aromatic_F|CBAD2_ARTSP|Q9LCU3	A	30.3	64.5	3	1.1213	Bacteria;Pseudomonadota;Gammaproteobacteria;Aeromonadales;Aeromonadaceae;Aeromonas;	crotonase	True	2	0	Screened (priority subset structural model verified for representative family)	4	93.1	Priority 1 (top validation target)
MCW1_contig_146941_5	Moderate	TierA|FAcD|H-1|Delftia_acidovorans|Q01398	A	25.7	68.7	11	6.557	Bacteria;Thermodesulfobacteriota;Desulfobacteria;Desulfobacterales;Desulfobacteraceae;Desulfobacter;	alpha/beta hydrolase	True	11	0	Screened (priority subset structural model verified for representative family)	4	92.8	Priority 1 (top validation target)
PCW1_contig_73925_1	Moderate	Toolkit|ToolkitTierA|aromatic_F|CBAD2_ARTSP|Q9LCU3	A	31.4	62.3	5	0.8226	Bacteria;Pseudomonadota;Gammaproteobacteria;Xanthomonadales;Xanthomonadaceae;	enoyl-CoA hydratase	True	1	0	Screened (priority subset structural model verified for representative family)	4	92.6	Priority 1 (top validation target)
SHW2_contig_193921_5	Moderate	Toolkit|ToolkitTierA|aromatic_F|CBAD2_ARTSP|Q9LCU3	A	27.2	66.7	10	3.3785	Bacteria;Pseudomonadota;Gammaproteobacteria;	fatty acid oxidation complex subunit alpha FadB	True	5	0	Screened (priority subset structural model verified for representative family)	4	92.6	Priority 1 (top validation target)
SHW1_contig_93216_2	Moderate	Toolkit|ToolkitTierA|aromatic_F|CBADH_PSEUC|A5JTM5	A	26.2	68.0	15	11.5994	Unknown	6-oxocyclohex-1-ene-1-carbonyl-CoA hydratase	True	1	0	Screened (priority subset structural model verified for representative family)	4	92.6	Priority 1 (top validation target)
PCW1_contig_111608_1	Moderate	Toolkit|ToolkitTierA|aromatic_F|CBAD1_ARTSP|O85078	A	32.5	61.2	7	1.5789	Bacteria;Pseudomonadota;Betaproteobacteria;Burkholderiales;Comamonadaceae;Acidovorax;	enoyl-CoA hydratase/isomerase family protein	True	1	0	Screened (priority subset structural model verified for representative family)	4	92.5	Priority 1 (top validation target)
PHW2_contig_264332_1	Moderate	Toolkit|ToolkitTierA|aromatic_F|CBAD1_ARTSP|O85078	A	36.8	56.2	3	1.6816	Bacteria;Pseudomonadota;Alphaproteobacteria;Rhodobacterales;Paracoccaceae;Gemmobacter;	2-(1,2-epoxy-1,2-dihydrophenyl)acetyl-CoA isomerase	True	1	0	Screened (priority subset structural model verified for representative family)	4	92.4	Priority 1 (top validation target)
PCW1_contig_176944_2	Moderate	Toolkit|ToolkitTierA|aromatic_F|CBAD1_ARTSP|O85078	A	28.7	64.5	7	1.2406	Bacteria;Pseudomonadota;Alphaproteobacteria;Rhodobacterales;Paracoccaceae;	crotonobetainyl-CoA hydratase	True	2	0	Screened (priority subset structural model verified for representative family)	4	92.4	Priority 1 (top validation target)
MCW2_contig_162213_1	Moderate	Toolkit|ToolkitTierA|aromatic_F|CBAD1_ARTSP|O85078	A	32.9	60.5	3	1.4833	Bacteria;Pseudomonadota;Betaproteobacteria;Burkholderiales;	hypothetical protein	True	2	0	Screened (priority subset structural model verified for representative family)	4	92.3	Priority 1 (top validation target)
PSLW2_contig_378390_1	Moderate	Toolkit|ToolkitTierA|aromatic_F|CBAD1_ARTSP|O85078	A	29.9	63.0	4	1.4664	Bacteria;Pseudomonadota;Gammaproteobacteria;Xanthomonadales;Xanthomonadaceae;Lysobacter;	enoyl-CoA hydratase	True	1	0	Screened (priority subset structural model verified for representative family)	4	92.2	Priority 1 (top validation target)
PSLW2_contig_112231_3	Moderate	Toolkit|ToolkitTierA|aromatic_F|CBAD2_ARTSP|Q9LCU3	A	27.1	65.6	5	0.8945	Bacteria;Pseudomonadota;Gammaproteobacteria;Chromatiales;Chromatiaceae;	fatty acid oxidation complex subunit alpha FadB	True	3	0	Screened (priority subset structural model verified for representative family)	4	92.0	Priority 1 (top validation target)
PSLW2_contig_198032_1	Moderate	Toolkit|ToolkitTierA|aromatic_F|CBAD2_ARTSP|Q9LCU3	A	35.0	56.9	3	1.1851	Bacteria;Bacteroidota;Flavobacteriia;Flavobacteriales;Flavobacteriaceae;	2-(1,2-epoxy-1,2-dihydrophenyl)acetyl-CoA isomerase	True	1	0	Screened (priority subset structural model verified for representative family)	4	91.9	Priority 1 (top validation target)
MHW2_contig_54696_8	Moderate	Toolkit|ToolkitTierA|aromatic_F|CBAD2_ARTSP|Q9LCU3	A	27.7	64.1	7	1.8767	NA	NA	False	12	1	Screened (priority subset structural model verified for representative family)	4	91.6	Priority 1 (top validation target)
SCW1_contig_191739_2	Moderate	Toolkit|ToolkitTierA|aromatic_F|CBAD2_ARTSP|Q9LCU3	A	27.7	64.1	9	21.3684	Bacteria;Pseudomonadota;Betaproteobacteria;Burkholderiales;Comamonadaceae;Acidovorax;	enoyl-CoA hydratase/isomerase family protein	True	1	0	Screened (priority subset structural model verified for representative family)	4	91.5	Priority 1 (top validation target)
MSLW2_contig_220449_2	Moderate	Toolkit|ToolkitTierA|aromatic_F|CBAD2_ARTSP|Q9LCU3	A	28.7	63.0	16	11.2807	Bacteria;Pseudomonadota;Betaproteobacteria;Burkholderiales;Comamonadaceae;Acidovorax;	enoyl-CoA hydratase/isomerase family protein	True	2	0	Screened (priority subset structural model verified for representative family)	4	91.5	Priority 1 (top validation target)
MCW2_contig_317249_1	Moderate	Toolkit|ToolkitTierA|aromatic_F|CBADH_PSEUC|A5JTM5	A	30.7	60.6	7	5.1567	Bacteria;Pseudomonadota;Betaproteobacteria;	1,4-dihydroxy-2-naphthoyl-CoA synthase	True	2	0	Screened (priority subset structural model verified for representative family)	4	91.4	Priority 1 (top validation target)
PHW1_contig_85863_1	Moderate	Toolkit|ToolkitTierA|aromatic_F|CBAD1_ARTSP|O85078	A	30.4	60.9	6	0.8079	Bacteria;Pseudomonadota;Betaproteobacteria;Burkholderiales;Comamonadaceae;	enoyl-CoA hydratase	True	1	0	Screened (priority subset structural model verified for representative family)	4	91.3	Priority 1 (top validation target)
SHW2_contig_193215_2	Moderate	Toolkit|ToolkitTierA|aromatic_F|CBAD1_ARTSP|O85078	A	26.0	65.6	14	9.8888	Bacteria;Pseudomonadota;Gammaproteobacteria;Pseudomonadales;Pseudomonadaceae;Pseudomonas;	MULTISPECIES: fatty acid oxidation complex subunit alpha FadB	True	6	0	Screened (priority subset structural model verified for representative family)	4	91.3	Priority 1 (top validation target)
PSLW2_contig_422371_1	Moderate	Toolkit|ToolkitTierA|aromatic_F|CBAD1_ARTSP|O85078	A	35.3	55.4	12	10.5671	Bacteria;Pseudomonadota;Betaproteobacteria;Rhodocyclales;	2-(1,2-epoxy-1,2-dihydrophenyl)acetyl-CoA isomerase	True	1	0	Screened (priority subset structural model verified for representative family)	4	91.2	Priority 1 (top validation target)
SCW1_contig_47089_1	Moderate	Toolkit|ToolkitTierA|aromatic_F|CBAD2_ARTSP|Q9LCU3	A	27.6	63.0	8	3.1118	Bacteria;Pseudomonadota;Betaproteobacteria;Burkholderiales;	3-hydroxyacyl-CoA dehydrogenase	True	2	0	Screened (priority subset structural model verified for representative family)	4	91.0	Priority 1 (top validation target)
SCW1_contig_311453_3	Moderate	Toolkit|ToolkitTierA|aromatic_F|CBADH_PSEUC|A5JTM5	A	28.0	62.5	12	19.3613	Bacteria;Pseudomonadota;Betaproteobacteria;Burkholderiales;Comamonadaceae;	3-hydroxyacyl-CoA dehydrogenase	True	3	0	Screened (priority subset structural model verified for representative family)	4	90.9	Priority 1 (top validation target)
PHW1_contig_338226_1	Moderate	Toolkit|ToolkitTierA|aromatic_F|CBADH_PSEUC|A5JTM5	A	28.9	61.7	4	1.5529	Bacteria;Bacteroidota;Flavobacteriia;Flavobacteriales;Flavobacteriaceae;Flavobacterium;	enoyl-CoA hydratase	True	2	0	Screened (priority subset structural model verified for representative family)	4	90.9	Priority 1 (top validation target)
SCW1_contig_64911_2	Moderate	Toolkit|ToolkitTierA|aromatic_F|CBAD2_ARTSP|Q9LCU3	A	33.3	56.5	5	1.0748	Bacteria;Pseudomonadota;Betaproteobacteria;Burkholderiales;Comamonadaceae;Alicycliphilus;	enoyl-CoA hydratase	True	1	0	Screened (priority subset structural model verified for representative family)	4	90.8	Priority 1 (top validation target)
MCW2_contig_294270_1	Moderate	Toolkit|ToolkitTierA|aromatic_F|CBAD1_ARTSP|O85078	A	26.9	63.4	6	1.9481	Bacteria;Actinomycetota;Actinomycetes;Micrococcales;	1,4-dihydroxy-2-naphthoyl-CoA synthase	True	1	0	Screened (priority subset structural model verified for representative family)	4	90.7	Priority 1 (top validation target)
PSLW2_contig_403890_1	Moderate	Toolkit|ToolkitTierA|aromatic_F|CBADH_PSEUC|A5JTM5	A	28.0	62.5	4	1.026	Unknown	Enoyl-CoA hydratase/isomerase	True	1	0	Screened (priority subset structural model verified for representative family)	4	90.7	Priority 1 (top validation target)
PHW1_contig_160984_1	Moderate	Toolkit|ToolkitTierA|aromatic_F|CBAD1_ARTSP|O85078	A	30.7	59.1	13	2.4747	Unknown	crotonase	True	1	0	Screened (priority subset structural model verified for representative family)	4	90.6	Priority 1 (top validation target)
MCW2_contig_12393_1	Moderate	Toolkit|ToolkitTierA|aromatic_F|CBAD1_ARTSP|O85078	A	28.6	60.9	8	2.7675	Bacteria;Pseudomonadota;Betaproteobacteria;	enoyl-CoA hydratase/isomerase family protein	True	2	0	Screened (priority subset structural model verified for representative family)	4	90.5	Priority 1 (top validation target)
PCW1_contig_113707_5	Moderate	Toolkit|ToolkitTierA|aromatic_F|CBAD2_ARTSP|Q9LCU3	A	26.4	63.0	6	4.2046	Bacteria;Bacteroidota;Chitinophagia;Chitinophagales;Chitinophagaceae;	enoyl-CoA hydratase	False	11	3	Screened (priority subset structural model verified for representative family)	4	90.4	Priority 1 (top validation target)
PCW2_contig_73043_1	Moderate	Toolkit|ToolkitTierA|aminoacid_F|WHM00222.1_hydrolase,_partial_[Serratia_|WHM00222.1	A	25.1	64.8	5	1.553	Bacteria;Pseudomonadota;Gammaproteobacteria;Moraxellales;Moraxellaceae;Acinetobacter;	alpha/beta hydrolase	True	1	0	Screened (priority subset structural model verified for representative family)	4	90.4	Priority 1 (top validation target)
MHW1_contig_192185_1	Moderate	PZP66635.1	A	27.8	61.5	3	0.8445	Bacteria;Pseudomonadota;Betaproteobacteria;Burkholderiales;Comamonadaceae;Comamonas;	HAD family hydrolase	True	1	0	Screened (priority subset structural model verified for representative family)	4	90.1	Priority 1 (top validation target)
SHW2_contig_302774_1	Moderate	Toolkit|ToolkitTierA|aromatic_F|CBADH_PSEUC|A5JTM5	A	28.6	59.9	4	1.4505	Bacteria;Pseudomonadota;Betaproteobacteria;Burkholderiales;Comamonadaceae;Acidovorax;	3-hydroxyacyl-CoA dehydrogenase	True	1	0	Screened (priority subset structural model verified for representative family)	4	89.8	Priority 1 (top validation target)
SSLW1_contig_155873_1	Moderate	Toolkit|ToolkitTierA|aromatic_F|CBAD2_ARTSP|Q9LCU3	A	28.8	59.1	3	0.4509	Bacteria;Pseudomonadota;Betaproteobacteria;Rhodocyclales;Zoogloeaceae;Thauera;	crotonase	True	1	0	Screened (priority subset structural model verified for representative family)	4	89.6	Priority 1 (top validation target)
PHW1_contig_201423_2	Moderate	TierA|HAD|Rha0230|Rhodococcus_jostii_RHA1|PDB_3UMG	A	27.1	61.0	5	1.993	Bacteria;Pseudomonadota;Betaproteobacteria;Burkholderiales;Comamonadaceae;Acidovorax;	phosphoglycolate phosphatase	True	2	0	Screened (priority subset structural model verified for representative family)	4	89.5	Priority 1 (top validation target)
MSLW1_contig_162999_2	Moderate	Toolkit|ToolkitTierA|aromatic_F|CBAD2_ARTSP|Q9LCU3	A	28.0	59.4	16	7.838	Bacteria;Pseudomonadota;Betaproteobacteria;Rhodocyclales;Zoogloeaceae;Thauera;	crotonase	True	1	0	Screened (priority subset structural model verified for representative family)	4	89.3	Priority 1 (top validation target)
MCW2_contig_289819_1	Moderate	Toolkit|ToolkitTierA|aromatic_F|CBAD1_ARTSP|O85078	A	28.4	58.7	4	1.8198	Bacteria;Pseudomonadota;Betaproteobacteria;Burkholderiales;Sphaerotilaceae;Rubrivivax;Rubrivivax_sp.;	3-hydroxyacyl-CoA dehydrogenase	True	1	0	Screened (priority subset structural model verified for representative family)	4	89.2	Priority 1 (top validation target)
PHW2_contig_23433_8	Moderate	Toolkit|ToolkitTierA|acetate_F|3UMB|Q8XZN3	A	27.0	60.5	9	24.8607	Bacteria;Pseudomonadota;Betaproteobacteria;Burkholderiales;Comamonadaceae;Acidovorax;	HAD-IIIA family hydrolase	True	5	0	Screened (priority subset structural model verified for representative family)	4	89.2	Priority 1 (top validation target)
SHW2_contig_328681_1	Moderate	Toolkit|ToolkitTierA|aromatic_F|CBAD1_ARTSP|O85078	A	30.3	56.2	13	4.3304	Bacteria;Pseudomonadota;Betaproteobacteria;Burkholderiales;Comamonadaceae;Ottowia;	2-(1,2-epoxy-1,2-dihydrophenyl)acetyl-CoA isomerase	True	2	0	Screened (priority subset structural model verified for representative family)	4	88.9	Priority 1 (top validation target)
PHW2_contig_149792_2	Moderate	TierA|HAD|Raoultibacter_phocaeensis|Raoultibacter_phocaeensis|WP_139652913.1	A	26.1	60.6	6	1.4915	Bacteria;Pseudomonadota;Betaproteobacteria;Burkholderiales;Comamonadaceae;Acidovorax;	HAD family hydrolase	True	1	0	Screened (priority subset structural model verified for representative family)	4	88.8	Priority 1 (top validation target)
PCW1_contig_109205_1	Moderate	Toolkit|ToolkitTierA|aromatic_F|CBAD2_ARTSP|Q9LCU3	A	28.0	58.3	16	14.4241	Bacteria;Pseudomonadota;Betaproteobacteria;Rhodocyclales;Zoogloeaceae;Thauera;	NAD-binding 3-hydroxyacyl-CoA dehydrogenase	True	1	0	Screened (priority subset structural model verified for representative family)	4	88.7	Priority 1 (top validation target)
PHW1_contig_64803_3	Moderate	TierA|HAD|Raoultibacter_phocaeensis|Raoultibacter_phocaeensis|WP_139652913.1	A	27.9	58.4	6	1.7818	Bacteria;Pseudomonadota;Betaproteobacteria;	HAD family hydrolase	True	2	0	Screened (priority subset structural model verified for representative family)	4	88.6	Priority 1 (top validation target)
SHW2_contig_258732_1	Moderate	Toolkit|ToolkitTierA|aromatic_F|ATZA_PSESD|P72156	A	26.4	59.1	6	1.0504	Bacteria;Pseudomonadota;Gammaproteobacteria;Xanthomonadales;Xanthomonadaceae;Xanthomonas;	TRZ/ATZ family hydrolase	True	2	0	Screened (priority subset structural model verified for representative family)	4	88.4	Priority 1 (top validation target)
MCW2_contig_362899_1	Moderate	Toolkit|ToolkitTierA|aromatic_F|CBAD1_ARTSP|O85078	A	27.8	57.2	10	3.3795	Bacteria;Pseudomonadota;Betaproteobacteria;Rhodocyclales;Zoogloeaceae;Zoogloea;	crotonase/enoyl-CoA hydratase family protein	True	1	0	Screened (priority subset structural model verified for representative family)	4	88.3	Priority 1 (top validation target)
PSLW2_contig_251013_1	Moderate	Toolkit|ToolkitTierA|aromatic_F|CBAD1_ARTSP|O85078	A	28.0	56.9	4	1.1178	Bacteria;Pseudomonadota;Gammaproteobacteria;Aeromonadales;Aeromonadaceae;Aeromonas;	1,4-Dihydroxy-2-naphthoyl-CoA synthase	True	1	0	Screened (priority subset structural model verified for representative family)	4	88.0	Priority 1 (top validation target)
PCW2_contig_250718_1	Moderate	Toolkit|ToolkitTierA|aromatic_F|CBADH_PSEUC|A5JTM5	A	27.8	56.1	6	2.1326	Bacteria;Actinomycetota;Actinomycetes;Mycobacteriales;Corynebacteriaceae;Corynebacterium;	enoyl-CoA hydratase/isomerase family protein	True	1	0	Screened (priority subset structural model verified for representative family)	4	87.5	Priority 1 (top validation target)
SHW2_contig_128953_1	Moderate	Toolkit|ToolkitTierA|aromatic_F|ATZA_PSESD|P72156	A	26.8	55.9	5	1.0307	Bacteria;Pseudomonadota;Alphaproteobacteria;Hyphomicrobiales;Boseaceae;Bosea;	amidohydrolase family protein	True	1	0	Screened (priority subset structural model verified for representative family)	4	87.2	Priority 1 (top validation target)
PCW1_contig_107465_11	Moderate	Toolkit|ToolkitTierA|aromatic_F|CBADH_PSEUC|A5JTM5	A	28.4	55.0	16	14.8102	Unknown	enoyl-CoA hydratase/isomerase family protein	True	10	0	Screened (priority subset structural model verified for representative family)	4	87.2	Priority 1 (top validation target)
MSLW2_contig_110351_2	Moderate	TierA|HAD|P2_P6|Gordonibacter_Guopingia|WP_178618037.1	A	28.2	55.3	12	6.9931	Bacteria;Pseudomonadota;Betaproteobacteria;Burkholderiales;Comamonadaceae;Acidovorax;	phosphoglycolate phosphatase	True	4	0	Screened (priority subset structural model verified for representative family)	4	87.2	Priority 1 (top validation target)
MCW2_contig_310412_1	Moderate	Toolkit|ToolkitTierA|aromatic_F|CBAD1_ARTSP|O85078	A	26.5	56.2	8	1.6801	Bacteria;Pseudomonadota;Gammaproteobacteria;Moraxellales;Moraxellaceae;Acinetobacter;	fatty acid oxidation complex subunit alpha FadB	True	1	0	Screened (priority subset structural model verified for representative family)	4	87.0	Priority 1 (top validation target)
SHW1_contig_304584_5	Moderate	TierA|HAD|Raoultibacter_phocaeensis|Raoultibacter_phocaeensis|WP_139652913.1	A	26.8	55.7	13	7.0097	Bacteria;Pseudomonadota;	HAD-IA family hydrolase	True	5	0	Screened (priority subset structural model verified for representative family)	4	86.7	Priority 1 (top validation target)
SSLW1_contig_401094_13	Moderate	TierA|FAcD|H-1|Delftia_acidovorans|Q01398	A	38.8	39.5	7	4.1124	NA	NA	False	10	3	Screened (priority subset structural model verified for representative family)	4	85.0	Priority 1 (top validation target)
PCW1_contig_427374_2	Moderate	TierA|FAcD|H-1|Delftia_acidovorans|Q01398	A	37.6	39.8	8	1.5474	Unknown	hypothetical protein AD742_20070	True	1	0	Screened (priority subset structural model verified for representative family)	4	84.5	Priority 1 (top validation target)
MHW1_contig_14349_9	Moderate	TierA|FAcD|RPA1163|Rhodopseudomonas_palustris|PDB_5SWN	A	30.1	41.4	7	4.5358	NA	NA	False	17	3	Screened (priority subset structural model verified for representative family)	4	81.4	Priority 1 (top validation target)
PCW1_contig_5288_3	High-confidence	Toolkit|ToolkitTierA|acetate_F|3UMB|Q8XZN3	A	61.3	96.6	3	1.6222	Unknown	haloacid dehalogenase type II	False	4	0	Screened (priority subset structural model verified for representative family)	3	111.8	Priority 2
PCW1_contig_227649_2	High-confidence	Toolkit|ToolkitTierA|aromatic_F|BCRD_THAAR|O87877	A	69.0	86.9	10	2.8094	Bacteria;Pseudomonadota;Betaproteobacteria;Burkholderiales;	benzoyl-CoA reductase subunit D	False	2	0	Screened (priority subset structural model verified for representative family)	3	111.3	Priority 2
MCW2_contig_261091_1	High-confidence	TierA|DEF2|Dechloromonas_aromatica_RCB|Dechloromonas_aromatica|PDB_8SDC	A	51.0	82.5	2	0.695	Bacteria;Pseudomonadota;Betaproteobacteria;Burkholderiales;Comamonadaceae;Acidovorax;	Fluoroacetate dehalogenase	True	1	0	Screened (priority subset structural model verified for representative family)	3	104.3	Priority 2
MCW2_contig_274532_1	High-confidence	Toolkit|ToolkitTierA|acetate_F|3UMB|Q8XZN3	A	58.3	72.1	2	0.8887	Unknown	haloacid dehalogenase type II	True	2	0	Screened (priority subset structural model verified for representative family)	3	102.2	Priority 2
MHW2_contig_273873_4	High-confidence	Toolkit|ToolkitTierA|aromatic_F|ATZA_PSESD|P72156	A	31.3	98.5	12	5.799	NA	NA	False	3	0	Screened (priority subset structural model verified for representative family)	3	96.8	Priority 2
SHW1_contig_161604_2	High-confidence	TierA|HAD|Raoultibacter_phocaeensis|Raoultibacter_phocaeensis|WP_139652913.1	A	32.1	98.6	8	2.8399	Bacteria;Pseudomonadota;Gammaproteobacteria;unknown;Candidatus_Competibacteraceae;	haloacid dehalogenase type II	False	2	0	Screened (priority subset structural model verified for representative family)	3	96.5	Priority 2
MHW1_contig_172554_13	High-confidence	Toolkit|ToolkitTierA|aromatic_F|ATZA_PSESD|P72156	A	30.3	98.7	10	4.1075	Unknown	amidohydrolase, partial	False	14	0	Screened (priority subset structural model verified for representative family)	3	96.1	Priority 2
SSLW1_contig_21476_2	High-confidence	Toolkit|ToolkitTierA|aromatic_F|ATZA_PSESD|P72156	A	30.3	98.1	11	2.035	Unknown	5-methylthioadenosine/S-adenosylhomocysteine deaminase	False	2	0	Screened (priority subset structural model verified for representative family)	3	96.0	Priority 2
MCW2_contig_225393_1	High-confidence	TierA|HAD|Rha0230|Rhodococcus_jostii_RHA1|PDB_3UMG	A	52.4	65.4	1	0.2042	Bacteria;Pseudomonadota;Betaproteobacteria;Burkholderiales;Comamonadaceae;Hydrogenophaga;	haloacid dehalogenase type II	True	2	0	Screened (priority subset structural model verified for representative family)	3	95.6	Priority 2
SSLW2_contig_12698_2	High-confidence	Toolkit|ToolkitTierA|aromatic_F|ATZA_PSESD|P72156	A	31.8	94.9	9	44.5945	NA	NA	False	4	0	Screened (priority subset structural model verified for representative family)	3	95.3	Priority 2
MHW1_contig_245589_2	High-confidence	Toolkit|ToolkitTierA|aromatic_F|BCRD_THAAR|O87877	A	30.0	96.8	10	1.4478	Archaea;Euryarchaeota;Methanomicrobia;Methanosarcinales;Methanosarcinaceae;	methanogenesis marker 15 protein	False	2	0	Screened (priority subset structural model verified for representative family)	3	94.3	Priority 2
PSLW1_contig_74821_3	High-confidence	Toolkit|ToolkitTierA|aromatic_F|CBADH_PSEUC|A5JTM5	A	31.9	84.0	1	0.4675	Bacteria;Pseudomonadota;Gammaproteobacteria;Moraxellales;Moraxellaceae;Acinetobacter;	MULTISPECIES: 2-(1,2-epoxy-1,2-dihydrophenyl)acetyl-CoA isomerase	True	4	0	Screened (priority subset structural model verified for representative family)	3	94.1	Priority 2
SSLW1_contig_55017_9	Moderate	TierA|FAcD|H-1|Delftia_acidovorans|Q01398	A	24.3	102.0	11	9.1924	NA	NA	False	7	0	Screened (priority subset structural model verified for representative family)	3	93.9	Priority 2
SSLW1_contig_33717_2	High-confidence	Toolkit|ToolkitTierA|aromatic_F|BCRB_THAAR|O87875	A	30.9	92.8	7	1.5455	Bacteria;	2-hydroxyglutaryl-CoA dehydratase	False	2	0	Screened (priority subset structural model verified for representative family)	3	93.7	Priority 2
PCW1_contig_84488_2	High-confidence	Toolkit|ToolkitTierA|aromatic_F|ATZA_PSESD|P72156	A	31.1	91.6	15	35.0983	Unknown	amidohydrolase family protein	False	3	0	Screened (priority subset structural model verified for representative family)	3	92.9	Priority 2
MCW2_contig_363510_1	High-confidence	Toolkit|ToolkitTierA|aromatic_F|CBAD2_ARTSP|Q9LCU3	A	34.2	79.3	2	0.8592	Bacteria;Pseudomonadota;Betaproteobacteria;Burkholderiales;Comamonadaceae;Limnohabitans;	enoyl-CoA hydratase	True	1	0	Screened (priority subset structural model verified for representative family)	3	92.8	Priority 2
PCW1_contig_268568_3	High-confidence	Toolkit|ToolkitTierA|aromatic_F|CBAD2_ARTSP|Q9LCU3	A	31.7	91.3	9	1.6708	Unknown	enoyl-CoA hydratase/isomerase family protein	False	4	0	Screened (priority subset structural model verified for representative family)	3	92.4	Priority 2
MSLW2_contig_169078_1	Moderate	Toolkit|ToolkitTierA|acetate_F|Q6NAM1_DEHA_Rhodopseudomonas_palustris|Q6NAM1	A	28.9	94.0	10	2.4695	Bacteria;Thermodesulfobacteriota;Syntrophia;Syntrophales;	alpha/beta hydrolase	False	2	0	Screened (priority subset structural model verified for representative family)	3	92.3	Priority 2
PSLW1_contig_87422_2	High-confidence	Toolkit|ToolkitTierA|aromatic_F|CBAD2_ARTSP|Q9LCU3	A	30.6	91.3	5	4.7016	NA	NA	False	2	0	Screened (priority subset structural model verified for representative family)	3	92.2	Priority 2
MCW2_contig_382349_1	High-confidence	Toolkit|ToolkitTierA|aromatic_F|CBAD2_ARTSP|Q9LCU3	A	40.1	80.4	4	1.5347	Unknown	enoyl-CoA hydratase/isomerase family protein	False	1	0	Screened (priority subset structural model verified for representative family)	3	91.7	Priority 2
PSLW2_contig_414679_1	Moderate	TierA|FAcD|H-1|Delftia_acidovorans|Q01398	A	26.8	93.9	5	0.4012	Unknown	alpha/beta fold hydrolase	False	2	0	Screened (priority subset structural model verified for representative family)	3	91.0	Priority 2
SHW1_contig_207444_2	High-confidence	Toolkit|ToolkitTierA|aromatic_F|CBADH_PSEUC|A5JTM5	A	32.6	86.6	3	0.7227	Unknown	enoyl-CoA hydratase	False	2	0	Screened (priority subset structural model verified for representative family)	3	90.7	Priority 2
PCW1_contig_295628_3	High-confidence	Toolkit|ToolkitTierA|aromatic_F|CBADH_PSEUC|A5JTM5	A	33.3	85.9	6	2.3427	Unknown	enoyl-CoA hydratase	False	7	0	Screened (priority subset structural model verified for representative family)	3	90.6	Priority 2
PSLW1_contig_74821_2	High-confidence	Toolkit|ToolkitTierA|aromatic_F|CBADH_PSEUC|A5JTM5	A	30.1	76.6	1	0.6538	Bacteria;Pseudomonadota;Gammaproteobacteria;Moraxellales;Moraxellaceae;Acinetobacter;	MULTISPECIES: 2,3-dehydroadipyl-CoA hydratase	True	4	0	Screened (priority subset structural model verified for representative family)	3	89.3	Priority 2
MSLW2_contig_231908_4	High-confidence	Toolkit|ToolkitTierA|aromatic_F|CBAD2_ARTSP|Q9LCU3	A	30.0	85.9	16	6.5162	NA	NA	False	3	0	Screened (priority subset structural model verified for representative family)	3	89.1	Priority 2
SSLW1_contig_372353_2	High-confidence	Toolkit|ToolkitTierA|aromatic_F|CBAD2_ARTSP|Q9LCU3	A	34.1	81.9	8	2.0314	Bacteria;Pseudomonadota;Betaproteobacteria;Burkholderiales;Comamonadaceae;	2-(1,2-epoxy-1,2-dihydrophenyl)acetyl-CoA isomerase	False	3	0	Screened (priority subset structural model verified for representative family)	3	89.1	Priority 2
MCW2_contig_308899_3	High-confidence	Toolkit|ToolkitTierA|aromatic_F|CBADH_PSEUC|A5JTM5	A	30.2	86.2	12	7.6005	NA	NA	False	3	0	Screened (priority subset structural model verified for representative family)	3	89.1	Priority 2
PCW2_contig_154897_1	High-confidence	Toolkit|ToolkitTierA|aromatic_F|CBADH_PSEUC|A5JTM5	A	32.8	73.6	1	0.5692	Bacteria;Bacteroidota;Bacteroidia;Bacteroidales;Bacteroidaceae;	1,4-dihydroxy-2-naphthoyl-CoA synthase	True	1	0	Screened (priority subset structural model verified for representative family)	3	89.1	Priority 2
MHW1_contig_341164_1	High-confidence	TierA|DEF2|Dechloromonas_aromatica_RCB|Dechloromonas_aromatica|PDB_8SDC	A	55.6	56.9	5	1.469	NA	NA	False	1	0	Screened (priority subset structural model verified for representative family)	3	88.2	Priority 2
MSLW1_contig_95200_2	High-confidence	Toolkit|ToolkitTierA|aromatic_F|CBAD2_ARTSP|Q9LCU3	A	30.2	84.1	12	4.1822	NA	NA	False	6	0	Screened (priority subset structural model verified for representative family)	3	88.0	Priority 2
PCW1_contig_280866_1	High-confidence	Toolkit|ToolkitTierA|aromatic_F|CBADH_PSEUC|A5JTM5	A	31.6	72.9	2	0.604	Unknown	crotonase/enoyl-CoA hydratase family protein	True	1	0	Screened (priority subset structural model verified for representative family)	3	88.0	Priority 2
MCW2_contig_141331_2	High-confidence	Toolkit|ToolkitTierA|aromatic_F|CBADH_PSEUC|A5JTM5	A	30.4	83.3	3	0.8991	Unknown	enoyl-CoA hydratase	False	3	0	Screened (priority subset structural model verified for representative family)	3	87.9	Priority 2
PCW1_contig_39607_6	High-confidence	Toolkit|ToolkitTierA|aromatic_F|CBAD1_ARTSP|O85078	A	31.3	72.8	2	2.1574	NA	NA	False	18	2	Screened (priority subset structural model verified for representative family)	3	87.9	Priority 2
MCW2_contig_211894_1	High-confidence	Toolkit|ToolkitTierA|aromatic_F|CBAD2_ARTSP|Q9LCU3	A	32.5	71.4	1	0.6928	Bacteria;Pseudomonadota;Betaproteobacteria;Rhodocyclales;Azonexaceae;	enoyl-CoA hydratase/isomerase family protein	True	1	0	Screened (priority subset structural model verified for representative family)	3	87.7	Priority 2
SHW2_contig_43694_1	High-confidence	TierA|HAD|Raoultibacter_phocaeensis|Raoultibacter_phocaeensis|WP_139652913.1	A	41.8	69.2	8	3.1704	NA	NA	False	1	0	Screened (priority subset structural model verified for representative family)	3	86.7	Priority 2
MCW2_contig_62733_1	High-confidence	Toolkit|ToolkitTierA|aromatic_F|CBADH_PSEUC|A5JTM5	A	31.1	70.6	1	0.8939	Bacteria;Pseudomonadota;Betaproteobacteria;Rhodocyclales;	enoyl-CoA hydratase	True	1	0	Screened (priority subset structural model verified for representative family)	3	86.6	Priority 2
SSLW1_contig_154917_2	High-confidence	Toolkit|ToolkitTierA|aromatic_F|CBAD2_ARTSP|Q9LCU3	A	35.7	75.0	7	2.2973	Bacteria;Synergistota;	enoyl-CoA hydratase/isomerase family protein	False	2	0	Screened (priority subset structural model verified for representative family)	3	86.5	Priority 2
SCW1_contig_348711_1	High-confidence	Toolkit|ToolkitTierA|aromatic_F|CBAD2_ARTSP|Q9LCU3	A	30.8	80.1	6	1.5862	Unknown	crotonase	False	2	0	Screened (priority subset structural model verified for representative family)	3	86.5	Priority 2
PSLW1_contig_217742_2	High-confidence	Toolkit|ToolkitTierA|aromatic_F|CBAD2_ARTSP|Q9LCU3	A	32.9	78.3	8	1.8341	NA	NA	False	2	0	Screened (priority subset structural model verified for representative family)	3	86.5	Priority 2
MSLW2_contig_124093_2	High-confidence	Toolkit|ToolkitTierA|aromatic_F|ATZA_PSESD|P72156	A	30.1	80.0	8	1.9957	Bacteria;Synergistota;Synergistia;Synergistales;unknown;unknown;Synergistales_bacterium;	amidohydrolase	False	1	0	Screened (priority subset structural model verified for representative family)	3	86.4	Priority 2
PCW2_contig_14374_31	Moderate	Toolkit|ToolkitTierA|aromatic_F|CBADH_PSEUC|A5JTM5	A	33.5	67.7	2	2.8093	Bacteria;Bacteroidota;Bacteroidia;Bacteroidales;	1,4-dihydroxy-2-naphthoyl-CoA synthase	False	35	2	Screened (priority subset structural model verified for representative family)	3	86.4	Priority 2
SSLW2_contig_3341_1	High-confidence	Toolkit|ToolkitTierA|aromatic_F|ATZA_PSESD|P72156	A	30.7	78.3	8	0.7602	NA	NA	False	1	0	Screened (priority subset structural model verified for representative family)	3	86.1	Priority 2
PSLW1_contig_307382_4	High-confidence	Toolkit|ToolkitTierA|aromatic_F|CBADH_PSEUC|A5JTM5	A	33.8	75.8	15	5.7862	Bacteria;Bacteroidota;Bacteroidia;Bacteroidales;	1,4-dihydroxy-2-naphthoyl-CoA synthase	False	2	0	Screened (priority subset structural model verified for representative family)	3	85.7	Priority 2
PCW2_contig_241057_2	Moderate	Toolkit|ToolkitTierA|aromatic_F|CBAD2_ARTSP|Q9LCU3	A	33.3	66.3	2	1.1705	Bacteria;Bacteroidota;Bacteroidia;	1,4-dihydroxy-2-naphthoyl-CoA synthase	False	4	1	Screened (priority subset structural model verified for representative family)	3	85.7	Priority 2
SSLW1_contig_57417_2	High-confidence	Toolkit|ToolkitTierA|aromatic_F|BCRD_THAAR|O87877	A	35.9	73.0	5	1.3496	Unknown	2-hydroxyglutaryl-CoA dehydratase	False	1	0	Screened (priority subset structural model verified for representative family)	3	85.5	Priority 2
SSLW2_contig_17440_2	High-confidence	Toolkit|ToolkitTierA|aromatic_F|CBADH_PSEUC|A5JTM5	A	33.3	75.8	6	2.3447	Bacteria;Bacteroidota;Bacteroidia;Bacteroidales;	1,4-dihydroxy-2-naphthoyl-CoA synthase	False	3	0	Screened (priority subset structural model verified for representative family)	3	85.5	Priority 2
SSLW1_contig_389155_5	High-confidence	Toolkit|ToolkitTierA|aromatic_F|CBAD2_ARTSP|Q9LCU3	A	30.7	77.9	15	32.2231	NA	NA	False	8	0	Screened (priority subset structural model verified for representative family)	3	85.3	Priority 2
MHW2_contig_348156_1	High-confidence	Toolkit|ToolkitTierA|aromatic_F|CBADH_PSEUC|A5JTM5	A	34.8	73.6	4	0.6988	Bacteria;Bacteroidota;Bacteroidia;	1,4-dihydroxy-2-naphthoyl-CoA synthase	False	2	0	Screened (priority subset structural model verified for representative family)	3	85.2	Priority 2
MCW2_contig_249753_2	Moderate	Toolkit|ToolkitTierA|aromatic_F|CBADH_PSEUC|A5JTM5	A	31.8	66.5	1	0.7066	Bacteria;Pseudomonadota;Betaproteobacteria;Rhodocyclales;	enoyl-CoA hydratase	True	2	0	Screened (priority subset structural model verified for representative family)	3	85.0	Priority 2
SHW2_contig_214211_1	Moderate	Toolkit|ToolkitTierA|aromatic_F|CBADH_PSEUC|A5JTM5	A	30.1	68.0	2	0.7462	Bacteria;Pseudomonadota;Alphaproteobacteria;Rhodobacterales;Paracoccaceae;Paracoccus;	enoyl-CoA hydratase	True	2	0	Screened (priority subset structural model verified for representative family)	3	84.7	Priority 2
PSLW2_contig_426139_1	Moderate	Toolkit|ToolkitTierA|aromatic_F|CBAD2_ARTSP|Q9LCU3	A	31.3	65.9	2	0.4317	Unknown	enoyl-CoA hydratase	True	3	0	Screened (priority subset structural model verified for representative family)	3	84.6	Priority 2
MCW1_contig_277514_1	High-confidence	Toolkit|ToolkitTierA|aromatic_F|ATZA_PSESD|P72156	A	31.1	75.3	8	1.3011	Bacteria;Pseudomonadota;Betaproteobacteria;	8-oxoguanine deaminase	False	1	0	Screened (priority subset structural model verified for representative family)	3	84.5	Priority 2
MCW1_contig_198315_1	High-confidence	Toolkit|ToolkitTierA|aromatic_F|CBAD2_ARTSP|Q9LCU3	A	30.2	76.8	9	2.5258	Unknown	hypothetical protein	False	2	0	Screened (priority subset structural model verified for representative family)	3	84.5	Priority 2
SHW2_contig_253092_1	Moderate	Toolkit|ToolkitTierA|aromatic_F|CBAD2_ARTSP|Q9LCU3	A	29.3	68.1	2	0.6005	Bacteria;Pseudomonadota;Gammaproteobacteria;	enoyl-CoA hydratase	True	1	0	Screened (priority subset structural model verified for representative family)	3	84.5	Priority 2
MHW2_contig_215242_2	High-confidence	Toolkit|ToolkitTierA|aromatic_F|CBADH_PSEUC|A5JTM5	A	35.2	71.7	6	2.2235	Bacteria;Bacteroidota;Bacteroidia;Bacteroidales;	1,4-dihydroxy-2-naphthoyl-CoA synthase	False	2	0	Screened (priority subset structural model verified for representative family)	3	84.4	Priority 2
MSLW1_contig_245787_2	High-confidence	Toolkit|ToolkitTierA|aromatic_F|CBAD2_ARTSP|Q9LCU3	A	32.4	73.9	8	2.433	NA	NA	False	1	0	Screened (priority subset structural model verified for representative family)	3	84.2	Priority 2
PSLW2_contig_73229_3	High-confidence	Toolkit|ToolkitTierA|aromatic_F|CBADH_PSEUC|A5JTM5	A	31.3	74.7	8	1.7732	Bacteria;Pseudomonadota;Gammaproteobacteria;Enterobacterales;	1,4-dihydroxy-2-naphthoyl-CoA synthase	False	2	0	Screened (priority subset structural model verified for representative family)	3	83.8	Priority 2
PCW1_contig_173648_1	Moderate	Toolkit|ToolkitTierA|aromatic_F|CBADH_PSEUC|A5JTM5	A	37.0	68.4	6	1.3138	Bacteria;Pseudomonadota;Alphaproteobacteria;Rhodospirillales;Acetobacteraceae;	crotonase/enoyl-CoA hydratase family protein	False	1	0	Screened (priority subset structural model verified for representative family)	3	83.7	Priority 2
MSLW1_contig_272558_2	High-confidence	Toolkit|ToolkitTierA|aromatic_F|CBAD1_ARTSP|O85078	A	30.4	75.0	9	2.0871	NA	NA	False	1	0	Screened (priority subset structural model verified for representative family)	3	83.6	Priority 2
SHW1_contig_348994_2	High-confidence	Toolkit|ToolkitTierA|aromatic_F|CBAD2_ARTSP|Q9LCU3	A	32.5	72.5	11	4.6228	NA	NA	False	1	0	Screened (priority subset structural model verified for representative family)	3	83.4	Priority 2
PCW2_contig_127234_2	Moderate	Toolkit|ToolkitTierA|aromatic_F|CBAD2_ARTSP|Q9LCU3	A	28.8	66.7	1	1.1119	Unknown	fatty acid oxidation complex subunit alpha FadJ	True	1	0	Screened (priority subset structural model verified for representative family)	3	83.4	Priority 2
PSLW1_contig_197343_2	Moderate	Toolkit|ToolkitTierA|aromatic_F|CBAD1_ARTSP|O85078	A	30.3	64.5	2	1.0149	Bacteria;Pseudomonadota;Gammaproteobacteria;Oceanospirillales;Oceanospirillaceae;Marinobacterium;	enoyl-CoA hydratase/isomerase family protein	True	2	0	Screened (priority subset structural model verified for representative family)	3	83.2	Priority 2
PSLW1_contig_257700_2	Moderate	PZP66635.1	A	28.0	67.1	1	0.6194	Unknown	HAD family hydrolase	True	2	0	Screened (priority subset structural model verified for representative family)	3	83.1	Priority 2
MCW1_contig_125716_1	Moderate	Toolkit|ToolkitTierA|aromatic_F|BCRD_THAAR|O87877	A	42.7	60.6	4	1.4838	Unknown	2-hydroxyglutaryl-CoA dehydratase	False	1	0	Screened (priority subset structural model verified for representative family)	3	83.0	Priority 2
MCW1_contig_309493_1	High-confidence	Toolkit|ToolkitTierA|aromatic_F|CBADH_PSEUC|A5JTM5	A	31.1	72.9	9	1.3091	Unknown	enoyl-CoA hydratase	False	1	0	Screened (priority subset structural model verified for representative family)	3	82.9	Priority 2
SHW1_contig_270096_1	High-confidence	Toolkit|ToolkitTierA|aromatic_F|CBADH_PSEUC|A5JTM5	A	31.3	72.5	10	3.3477	Unknown	1,2-epoxyphenylacetyl-CoA isomerase	False	2	0	Screened (priority subset structural model verified for representative family)	3	82.8	Priority 2
PSLW2_contig_198991_1	High-confidence	Toolkit|ToolkitTierA|aromatic_F|CBAD2_ARTSP|Q9LCU3	A	30.0	73.6	5	7.499	Bacteria;Bacteroidota;Flavobacteriia;Flavobacteriales;Flavobacteriaceae;Paenimyroides;	enoyl-CoA hydratase	False	12	0	Screened (priority subset structural model verified for representative family)	3	82.7	Priority 2
MSLW2_contig_130333_1	High-confidence	Toolkit|ToolkitTierA|aromatic_F|CBADH_PSEUC|A5JTM5	A	31.6	71.7	5	1.2274	Unknown	1,2-epoxyphenylacetyl-CoA isomerase	False	1	0	Screened (priority subset structural model verified for representative family)	3	82.6	Priority 2
MHW1_contig_107709_1	Moderate	Toolkit|ToolkitTierA|aromatic_F|CBADH_PSEUC|A5JTM5	A	35.0	68.0	3	1.0594	Unknown	enoyl-CoA hydratase	False	1	0	Screened (priority subset structural model verified for representative family)	3	82.3	Priority 2
MHW2_contig_310594_1	Moderate	TierA|DEF2|Dechloromonas_aromatica_RCB|Dechloromonas_aromatica|PDB_8SDC	A	29.6	72.7	7	1.2862	Unknown	alpha/beta hydrolase	False	1	0	Screened (priority subset structural model verified for representative family)	3	82.1	Priority 2
MSLW2_contig_338472_1	High-confidence	Toolkit|ToolkitTierA|aromatic_F|CBADH_PSEUC|A5JTM5	A	30.4	72.1	10	1.8753	NA	NA	False	1	0	Screened (priority subset structural model verified for representative family)	3	82.0	Priority 2
PSLW1_contig_287040_1	Moderate	Toolkit|ToolkitTierA|aromatic_F|BCRA_THAAR|O87876	A	26.9	65.3	2	0.7301	Unknown	ATPase	True	1	0	Screened (priority subset structural model verified for representative family)	3	82.0	Priority 2
MSLW2_contig_77113_2	Moderate	TierA|FAcD|DehH1_FA1|Burkholderia_sp_FA1|Q1JU72	A	34.0	67.8	8	1.2785	NA	NA	False	1	0	Screened (priority subset structural model verified for representative family)	3	81.9	Priority 2
SCW1_contig_172552_1	Moderate	TierA|FAcD|DehH1_FA1|Burkholderia_sp_FA1|Q1JU72	A	34.7	66.4	7	1.6353	NA	NA	False	1	0	Screened (priority subset structural model verified for representative family)	3	81.5	Priority 2
PSLW2_contig_51511_2	Moderate	Toolkit|ToolkitTierA|aromatic_F|CBAD1_ARTSP|O85078	A	30.5	60.5	1	0.3404	Unknown	enoyl-CoA hydratase	True	2	0	Screened (priority subset structural model verified for representative family)	3	81.4	Priority 2
PSLW2_contig_77853_1	Moderate	Toolkit|ToolkitTierA|aromatic_F|CBAD1_ARTSP|O85078	A	29.2	62.0	2	0.9143	Unknown	enoyl-CoA hydratase	True	1	0	Screened (priority subset structural model verified for representative family)	3	81.4	Priority 2
PHW1_contig_90782_1	Moderate	Toolkit|ToolkitTierA|aromatic_F|CBAD1_ARTSP|O85078	A	27.0	64.5	2	0.9116	Bacteria;Campylobacterota;Epsilonproteobacteria;Campylobacterales;Arcobacteraceae;Arcobacter;	enoyl-CoA hydratase	True	1	0	Screened (priority subset structural model verified for representative family)	3	81.4	Priority 2
PCW1_contig_98766_1	Moderate	Toolkit|ToolkitTierA|aromatic_F|CBAD2_ARTSP|Q9LCU3	A	29.8	60.9	2	1.4374	Bacteria;Pseudomonadota;Betaproteobacteria;Burkholderiales;Sphaerotilaceae;Rubrivivax;Rubrivivax_gelatinosus;	enoyl-CoA hydratase	True	1	0	Screened (priority subset structural model verified for representative family)	3	81.0	Priority 2
PCW2_contig_108453_2	Moderate	Toolkit|ToolkitTierA|aromatic_F|CBAD2_ARTSP|Q9LCU3	A	31.1	59.4	1	2.4617	Bacteria;Pseudomonadota;Gammaproteobacteria;Vibrionales;Vibrionaceae;Vibrio;	MULTISPECIES: fatty acid oxidation complex subunit alpha FadJ	True	2	0	Screened (priority subset structural model verified for representative family)	3	80.9	Priority 2
PHW2_contig_101733_1	Moderate	Toolkit|ToolkitTierA|aromatic_F|CBAD1_ARTSP|O85078	A	32.4	67.0	6	2.1854	Unknown	enoyl-CoA hydratase/isomerase family protein	False	1	0	Screened (priority subset structural model verified for representative family)	3	80.7	Priority 2
SHW1_contig_98077_1	Moderate	Toolkit|ToolkitTierA|aromatic_F|BCRD_THAAR|O87877	A	29.9	69.9	7	1.4061	NA	NA	False	1	0	Screened (priority subset structural model verified for representative family)	3	80.6	Priority 2
PCW2_contig_232776_1	Moderate	Toolkit|ToolkitTierA|aromatic_F|CBAD2_ARTSP|Q9LCU3	A	25.1	64.9	1	0.575	Bacteria;Pseudomonadota;Gammaproteobacteria;Pseudomonadales;Marinobacteraceae;Marinobacter;	enoyl-CoA hydratase/isomerase family protein	True	2	0	Screened (priority subset structural model verified for representative family)	3	80.6	Priority 2
PSLW2_contig_74490_2	Moderate	Toolkit|ToolkitTierA|aromatic_F|CBAD1_ARTSP|O85078	A	36.4	62.7	5	1.8819	NA	NA	False	1	0	Screened (priority subset structural model verified for representative family)	3	80.5	Priority 2
PCW1_contig_223449_1	Moderate	Toolkit|ToolkitTierA|aromatic_F|CBAD2_ARTSP|Q9LCU3	A	30.4	69.2	3	0.9859	NA	NA	False	3	0	Screened (priority subset structural model verified for representative family)	3	80.5	Priority 2
PHW1_contig_180905_14	Moderate	Toolkit|ToolkitTierA|aromatic_F|CBAD2_ARTSP|Q9LCU3	A	29.0	69.9	3	1.1919	NA	NA	False	18	0	Screened (priority subset structural model verified for representative family)	3	80.4	Priority 2
PSLW2_contig_154699_2	Moderate	Toolkit|ToolkitTierA|aromatic_F|CBAD2_ARTSP|Q9LCU3	A	31.7	67.4	4	0.9993	NA	NA	False	2	0	Screened (priority subset structural model verified for representative family)	3	80.4	Priority 2
PSLW1_contig_266642_1	Moderate	Toolkit|ToolkitTierA|aromatic_F|CBAD2_ARTSP|Q9LCU3	A	31.6	57.2	1	0.3012	Bacteria;Bacillota;Bacilli;Lactobacillales;Enterococcaceae;Enterococcus;	1,4-dihydroxy-2-naphthoyl-CoA synthase	True	1	0	Screened (priority subset structural model verified for representative family)	3	80.1	Priority 2
PSLW2_contig_286939_2	Moderate	Toolkit|ToolkitTierA|aromatic_F|CBAD2_ARTSP|Q9LCU3	A	33.3	55.4	2	0.7702	Bacteria;Pseudomonadota;Betaproteobacteria;Burkholderiales;unknown;	enoyl-CoA hydratase	True	1	0	Screened (priority subset structural model verified for representative family)	3	80.0	Priority 2
MHW1_contig_334974_1	Moderate	Toolkit|ToolkitTierA|aromatic_F|BCRC_THAAR|O87874	A	28.6	68.9	10	1.8897	NA	NA	False	2	0	Screened (priority subset structural model verified for representative family)	3	79.9	Priority 2
MSLW1_contig_207941_1	Moderate	Toolkit|ToolkitTierA|aromatic_F|ATZA_PSESD|P72156	A	27.5	69.8	10	1.7778	Unknown	amidohydrolase	False	1	0	Screened (priority subset structural model verified for representative family)	3	79.7	Priority 2
PCW1_contig_158166_6	Moderate	Toolkit|ToolkitTierA|aminoacid_F|WHM00222.1_hydrolase,_partial_[Serratia_|WHM00222.1	A	26.1	62.5	2	1.232	Unknown	alpha/beta fold hydrolase	True	10	0	Screened (priority subset structural model verified for representative family)	3	79.7	Priority 2
MSLW1_contig_116079_1	Moderate	Toolkit|ToolkitTierA|aromatic_F|CBAD2_ARTSP|Q9LCU3	A	33.3	64.1	15	5.2313	NA	NA	False	1	0	Screened (priority subset structural model verified for representative family)	3	79.6	Priority 2
PSLW2_contig_110549_2	Moderate	Toolkit|ToolkitTierA|aromatic_F|CBAD1_ARTSP|O85078	A	27.7	60.1	1	0.6559	Bacteria;Bacteroidota;Flavobacteriia;Flavobacteriales;Flavobacteriaceae;	1,4-dihydroxy-2-naphthoyl-CoA synthase	True	2	0	Screened (priority subset structural model verified for representative family)	3	79.5	Priority 2
SSLW2_contig_150520_1	Moderate	Toolkit|ToolkitTierA|aromatic_F|BCRC_THAAR|O87874	A	26.1	60.6	2	0.5935	Bacteria;Bacillota;Clostridia;Eubacteriales;Clostridiaceae;Clostridium;	2-hydroxyglutaryl-CoA dehydratase beta subunit	True	1	0	Screened (priority subset structural model verified for representative family)	3	79.3	Priority 2
SCW1_contig_149869_1	Moderate	Toolkit|ToolkitTierA|aromatic_F|CBAD2_ARTSP|Q9LCU3	A	33.3	63.0	3	1.2845	NA	NA	False	2	0	Screened (priority subset structural model verified for representative family)	3	79.2	Priority 2
PCW1_contig_397027_1	Moderate	Toolkit|ToolkitTierA|aromatic_F|CBADH_PSEUC|A5JTM5	A	33.3	63.6	4	0.9922	Unknown	enoyl-CoA hydratase	False	1	0	Screened (priority subset structural model verified for representative family)	3	79.2	Priority 2
SCW1_contig_205070_1	Moderate	Toolkit|ToolkitTierA|aromatic_F|CBADH_PSEUC|A5JTM5	A	31.3	65.4	9	4.2394	Unknown	naphthoate synthase	False	2	0	Screened (priority subset structural model verified for representative family)	3	79.0	Priority 2
PSLW2_contig_56611_1	Moderate	Toolkit|ToolkitTierA|aromatic_F|CBAD2_ARTSP|Q9LCU3	A	27.1	69.6	5	1.3799	NA	NA	False	2	0	Screened (priority subset structural model verified for representative family)	3	79.0	Priority 2
MCW2_contig_13414_2	Moderate	TierA|FAcD|RPA1163|Rhodopseudomonas_palustris|PDB_5SWN	A	27.2	69.4	5	0.9928	NA	NA	False	2	0	Screened (priority subset structural model verified for representative family)	3	78.9	Priority 2
PSLW2_contig_42692_1	Moderate	Toolkit|ToolkitTierA|aromatic_F|CBAD1_ARTSP|O85078	A	27.8	58.7	2	1.1917	Bacteria;Bacteroidota;Flavobacteriia;Flavobacteriales;Weeksellaceae;	1,4-dihydroxy-2-naphthoyl-CoA synthase	True	1	0	Screened (priority subset structural model verified for representative family)	3	78.8	Priority 2
MCW2_contig_245853_2	Moderate	Toolkit|ToolkitTierA|aromatic_F|CBAD1_ARTSP|O85078	A	26.7	69.2	6	2.8937	NA	NA	False	1	0	Screened (priority subset structural model verified for representative family)	3	78.7	Priority 2
PCW1_contig_40746_2	Moderate	Toolkit|ToolkitTierA|aromatic_F|CBAD2_ARTSP|Q9LCU3	A	31.5	64.5	3	0.9653	Bacteria;Pseudomonadota;Alphaproteobacteria;Rhodobacterales;Paracoccaceae;	short chain enoyl-CoA hydratase	False	2	0	Screened (priority subset structural model verified for representative family)	3	78.7	Priority 2
MHW2_contig_60682_1	Moderate	Toolkit|ToolkitTierA|aromatic_F|CBADH_PSEUC|A5JTM5	A	36.7	58.7	4	1.0977	Bacteria;	enoyl-CoA hydratase/isomerase family protein	False	1	0	Screened (priority subset structural model verified for representative family)	3	78.6	Priority 2
MHW1_contig_159245_1	Moderate	Toolkit|ToolkitTierA|aromatic_F|CBAD2_ARTSP|Q9LCU3	A	29.5	66.3	5	1.8428	Bacteria;Thermodesulfobacteriota;Syntrophia;Syntrophales;	enoyl-CoA hydratase	False	2	0	Screened (priority subset structural model verified for representative family)	3	78.6	Priority 2
PCW1_contig_292684_1	Moderate	Toolkit|ToolkitTierA|aromatic_F|CBAD1_ARTSP|O85078	A	28.3	57.6	2	0.6559	Unknown	enoyl-CoA hydratase	True	1	0	Screened (priority subset structural model verified for representative family)	3	78.5	Priority 2
PHW2_contig_327516_1	Moderate	Toolkit|ToolkitTierA|aromatic_F|CBAD2_ARTSP|Q9LCU3	A	28.6	65.9	5	0.6977	NA	NA	False	1	0	Screened (priority subset structural model verified for representative family)	3	78.1	Priority 2
SHW1_contig_162384_2	Moderate	Toolkit|ToolkitTierA|aromatic_F|CBAD1_ARTSP|O85078	A	26.5	68.5	9	1.8679	Unknown	hoxX	False	3	0	Screened (priority subset structural model verified for representative family)	3	78.0	Priority 2
PCW2_contig_71197_5	Moderate	TierA|HAD|Raoultibacter_phocaeensis|Raoultibacter_phocaeensis|WP_139652913.1	A	26.0	59.3	2	7.8553	Unknown	HAD family hydrolase	False	10	2	Screened (priority subset structural model verified for representative family)	3	78.0	Priority 2
MCW2_contig_40230_1	Moderate	Toolkit|ToolkitTierA|aromatic_F|CBAD1_ARTSP|O85078	A	32.4	61.6	5	1.5225	NA	NA	False	1	0	Screened (priority subset structural model verified for representative family)	3	77.8	Priority 2
MCW2_contig_275070_3	Moderate	Toolkit|ToolkitTierA|aromatic_F|CBAD2_ARTSP|Q9LCU3	A	26.1	68.1	3	0.6163	NA	NA	False	3	0	Screened (priority subset structural model verified for representative family)	3	77.7	Priority 2
MHW1_contig_261848_2	Moderate	Toolkit|ToolkitTierA|aromatic_F|ATZA_PSESD|P72156	A	25.9	67.7	4	0.8949	Unknown	amidohydrolase	False	2	0	Screened (priority subset structural model verified for representative family)	3	77.6	Priority 2
MCW2_contig_130232_1	Moderate	Toolkit|ToolkitTierA|aromatic_F|CBAD1_ARTSP|O85078	A	28.1	55.4	1	0.8352	Bacteria;Pseudomonadota;Betaproteobacteria;Burkholderiales;Comamonadaceae;Limnohabitans;	crotonase/enoyl-CoA hydratase family protein	True	1	0	Screened (priority subset structural model verified for representative family)	3	77.3	Priority 2
PSLW1_contig_215704_1	Moderate	Toolkit|ToolkitTierA|aromatic_F|ATZA_PSESD|P72156	A	28.2	64.3	5	1.0264	Bacteria;Synergistota;Synergistia;Synergistales;Synergistaceae;unknown;Synergistaceae_bacterium;	amidohydrolase	False	2	0	Screened (priority subset structural model verified for representative family)	3	77.2	Priority 2
MCW2_contig_253530_1	Moderate	Toolkit|ToolkitTierA|aromatic_F|CBAD2_ARTSP|Q9LCU3	A	27.8	65.2	4	1.2391	NA	NA	False	1	0	Screened (priority subset structural model verified for representative family)	3	77.1	Priority 2
MHW2_contig_152014_1	Moderate	Toolkit|ToolkitTierA|aromatic_F|ATZA_PSESD|P72156	A	27.4	64.8	8	1.2854	Bacteria;Synergistota;Synergistia;Synergistales;Synergistaceae;unknown;Synergistaceae_bacterium;	amidohydrolase	False	1	0	Screened (priority subset structural model verified for representative family)	3	77.0	Priority 2
SHW2_contig_187335_1	Moderate	Toolkit|ToolkitTierA|aromatic_F|CBAD2_ARTSP|Q9LCU3	A	26.2	66.3	6	1.5739	NA	NA	False	1	0	Screened (priority subset structural model verified for representative family)	3	76.8	Priority 2
MCW2_contig_1711_1	Moderate	Toolkit|ToolkitTierA|aromatic_F|CBAD2_ARTSP|Q9LCU3	A	32.1	59.8	3	0.9001	NA	NA	False	2	0	Screened (priority subset structural model verified for representative family)	3	76.7	Priority 2
PHW2_contig_8795_1	Moderate	Toolkit|ToolkitTierA|aromatic_F|CBAD2_ARTSP|Q9LCU3	A	32.5	59.1	10	2.0563	NA	NA	False	1	0	Screened (priority subset structural model verified for representative family)	3	76.5	Priority 2
PHW1_contig_340191_1	Moderate	Toolkit|ToolkitTierA|aromatic_F|CBAD2_ARTSP|Q9LCU3	A	26.0	65.6	5	1.6578	NA	NA	False	2	0	Screened (priority subset structural model verified for representative family)	3	76.5	Priority 2
SHW1_contig_176795_3	Moderate	Toolkit|ToolkitTierA|aromatic_F|CBAD2_ARTSP|Q9LCU3	A	25.8	65.9	5	3.5798	NA	NA	False	3	0	Screened (priority subset structural model verified for representative family)	3	76.4	Priority 2
SSLW1_contig_94076_2	Moderate	Toolkit|ToolkitTierA|aromatic_F|CBAD1_ARTSP|O85078	A	33.1	58.0	4	0.5803	NA	NA	False	1	0	Screened (priority subset structural model verified for representative family)	3	76.3	Priority 2
PSLW2_contig_165809_1	Moderate	Toolkit|ToolkitTierA|aromatic_F|CBAD1_ARTSP|O85078	A	29.8	60.9	5	1.2575	NA	NA	False	1	0	Screened (priority subset structural model verified for representative family)	3	76.1	Priority 2
SHW2_contig_297313_2	Moderate	TierA|HAD|Raoultibacter_phocaeensis|Raoultibacter_phocaeensis|WP_139652913.1	A	29.0	62.4	11	4.6001	Unknown	GMP/IMP nucleotidase YrfG	False	2	0	Screened (priority subset structural model verified for representative family)	3	76.1	Priority 2
SHW1_contig_1958_1	Moderate	Toolkit|ToolkitTierA|aromatic_F|BCRD_THAAR|O87877	A	29.1	61.0	5	2.8911	Unknown	hypothetical protein	False	1	0	Screened (priority subset structural model verified for representative family)	3	75.7	Priority 2
SCW1_contig_26569_2	Moderate	Toolkit|ToolkitTierA|aromatic_F|CBADH_PSEUC|A5JTM5	A	25.1	65.1	8	3.7895	NA	NA	False	3	0	Screened (priority subset structural model verified for representative family)	3	75.7	Priority 2
MCW1_contig_167821_1	Moderate	Toolkit|ToolkitTierA|aromatic_F|BCRD_THAAR|O87877	A	26.8	63.5	13	12.9697	Bacteria;Actinomycetota;Actinomycetes;Propionibacteriales;Propionibacteriaceae;	activase	False	1	0	Screened (priority subset structural model verified for representative family)	3	75.7	Priority 2
MCW1_contig_98775_2	Moderate	Toolkit|ToolkitTierA|aromatic_F|CBAD2_ARTSP|Q9LCU3	A	26.1	63.8	5	1.2826	NA	NA	False	1	0	Screened (priority subset structural model verified for representative family)	3	75.6	Priority 2
MCW2_contig_399873_1	Moderate	Toolkit|ToolkitTierA|aromatic_F|CBAD2_ARTSP|Q9LCU3	A	25.8	64.5	3	0.8891	Unknown	crotonase/enoyl-CoA hydratase family protein	False	1	0	Screened (priority subset structural model verified for representative family)	3	75.6	Priority 2
SSLW1_contig_383743_1	Moderate	Toolkit|ToolkitTierA|aromatic_F|BCRC_THAAR|O87874	A	28.6	60.6	3	0.6479	Bacteria;Thermodesulfobacteriota;Syntrophia;Syntrophales;Syntrophaceae;unknown;Syntrophaceae_bacterium;	2-hydroxyacyl-CoA dehydratase	False	1	0	Screened (priority subset structural model verified for representative family)	3	75.5	Priority 2
PHW2_contig_2373_1	Moderate	Toolkit|ToolkitTierA|aromatic_F|CBAD2_ARTSP|Q9LCU3	A	28.6	60.9	3	0.6082	NA	NA	False	1	0	Screened (priority subset structural model verified for representative family)	3	75.5	Priority 2
PHW2_contig_182855_1	Moderate	Toolkit|ToolkitTierA|aromatic_F|CBAD1_ARTSP|O85078	A	31.3	58.0	9	1.9036	Unknown	putative enoyl-CoA hydratase echA8	False	1	0	Screened (priority subset structural model verified for representative family)	3	75.4	Priority 2
SSLW2_contig_29978_1	Moderate	TierA|HAD|Raoultibacter_phocaeensis|Raoultibacter_phocaeensis|WP_139652913.1	A	26.4	63.3	4	1.3642	NA	NA	False	7	0	Screened (priority subset structural model verified for representative family)	3	75.3	Priority 2
SSLW1_contig_121796_11	Moderate	Toolkit|ToolkitTierA|aromatic_F|CBAD2_ARTSP|Q9LCU3	A	27.3	62.3	11	10.4641	NA	NA	False	12	0	Screened (priority subset structural model verified for representative family)	3	75.2	Priority 2
MSLW1_contig_203860_2	Moderate	Toolkit|ToolkitTierA|aromatic_F|ATZA_PSESD|P72156	A	30.3	57.8	8	1.0304	Unknown	8-oxoguanine deaminase	False	1	0	Screened (priority subset structural model verified for representative family)	3	75.0	Priority 2
MHW1_contig_87727_1	Moderate	Toolkit|ToolkitTierA|aromatic_F|CBAD2_ARTSP|Q9LCU3	A	26.9	62.0	11	2.6149	Unknown	enoyl-CoA hydratase/isomerase family protein	False	1	0	Screened (priority subset structural model verified for representative family)	3	75.0	Priority 2
SHW1_contig_201994_2	Moderate	Toolkit|ToolkitTierA|aromatic_F|CBADH_PSEUC|A5JTM5	A	32.9	55.4	3	1.2879	NA	NA	False	2	0	Screened (priority subset structural model verified for representative family)	3	74.9	Priority 2
SHW1_contig_12514_1	Moderate	Toolkit|ToolkitTierA|aromatic_F|ATZA_PSESD|P72156	A	25.4	63.1	10	2.1183	NA	NA	False	1	0	Screened (priority subset structural model verified for representative family)	3	74.9	Priority 2
MHW2_contig_88777_1	Moderate	Toolkit|ToolkitTierA|aromatic_F|CBADH_PSEUC|A5JTM5	A	31.6	56.5	3	1.4411	NA	NA	False	1	0	Screened (priority subset structural model verified for representative family)	3	74.6	Priority 2
SSLW1_contig_202437_1	Moderate	Toolkit|ToolkitTierA|aromatic_F|CBADH_PSEUC|A5JTM5	A	25.0	62.5	5	1.7208	Unknown	putative enoyl-CoA hydratase	False	1	0	Screened (priority subset structural model verified for representative family)	3	74.4	Priority 2
SHW2_contig_159492_4	Moderate	Toolkit|ToolkitTierA|aromatic_F|CBADH_PSEUC|A5JTM5	A	29.5	58.0	5	2.6769	NA	NA	False	22	0	Screened (priority subset structural model verified for representative family)	3	74.3	Priority 2
MHW2_contig_281617_1	Moderate	Toolkit|ToolkitTierA|aromatic_F|ATZA_PSESD|P72156	A	25.1	61.4	3	1.1704	NA	NA	False	2	0	Screened (priority subset structural model verified for representative family)	3	73.9	Priority 2
MHW1_contig_191404_1	Moderate	Toolkit|ToolkitTierA|aromatic_F|CBAD2_ARTSP|Q9LCU3	A	29.2	55.8	11	3.5331	Bacteria;Thermodesulfobacteriota;	1,4-Dihydroxy-2-naphthoyl-CoA synthase	False	2	0	Screened (priority subset structural model verified for representative family)	3	73.1	Priority 2
SCW1_contig_339893_1	Moderate	Toolkit|ToolkitTierA|acetate_F|3UMB|Q8XZN3	A	27.3	56.7	5	0.6129	Unknown	HAD family hydrolase	False	1	0	Screened (priority subset structural model verified for representative family)	3	72.4	Priority 2
PSLW2_contig_365729_2	Moderate	TierA|FAcD|H-1|Delftia_acidovorans|Q01398	A	31.4	52.0	5	0.8689	NA	NA	False	2	0	Screened (priority subset structural model verified for representative family)	3	72.3	Priority 2
PSLW2_contig_242791_3	Moderate	TierA|FAcD|H-1|Delftia_acidovorans|Q01398	A	39.1	43.5	3	0.6179	NA	NA	False	3	0	Screened (priority subset structural model verified for representative family)	3	72.1	Priority 2
MCW1_contig_99856_1	Moderate	Toolkit|ToolkitTierA|acetate_F|3UMB|Q8XZN3	A	26.5	56.7	5	1.1564	Unknown	HAD family hydrolase	False	1	0	Screened (priority subset structural model verified for representative family)	3	72.0	Priority 2
PSLW2_contig_270019_1	Moderate	TierA|HAD|Raoultibacter_phocaeensis|Raoultibacter_phocaeensis|WP_139652913.1	A	26.2	57.0	9	3.3495	Unknown	noncanonical pyrimidine nucleotidase, YjjG family	False	1	0	Screened (priority subset structural model verified for representative family)	3	72.0	Priority 2
PSLW2_contig_289353_1	Moderate	TierA|HAD|Raoultibacter_phocaeensis|Raoultibacter_phocaeensis|WP_139652913.1	A	26.2	57.0	10	2.5506	Unknown	noncanonical pyrimidine nucleotidase, YjjG family	False	1	0	Screened (priority subset structural model verified for representative family)	3	72.0	Priority 2
PCW1_contig_256989_2	Moderate	Toolkit|ToolkitTierA|aromatic_F|CBADH_PSEUC|A5JTM5	A	27.7	55.0	4	0.952	Unknown	enoyl-CoA hydratase	False	1	0	Screened (priority subset structural model verified for representative family)	3	71.9	Priority 2
PHW1_contig_277023_5	Moderate	Toolkit|ToolkitTierA|acetate_F|3UMB|Q8XZN3	A	25.8	56.7	4	2.493	Bacteria;Pseudomonadota;Betaproteobacteria;Burkholderiales;Comamonadaceae;	HAD family hydrolase	False	9	0	Screened (priority subset structural model verified for representative family)	3	71.7	Priority 2
PHW1_contig_257823_8	Moderate	Toolkit|ToolkitTierA|aminoacid_F|WHM00222.1_hydrolase,_partial_[Serratia_|WHM00222.1	A	25.3	56.8	4	1.5024	NA	NA	False	16	0	Screened (priority subset structural model verified for representative family)	3	71.5	Priority 2
SSLW1_contig_363473_1	Moderate	TierA|FAcD|DehH1_FA1|Burkholderia_sp_FA1|Q1JU72	A	34.7	40.8	4	3.3138	Bacteria;	alpha/beta hydrolase	False	1	0	Screened (priority subset structural model verified for representative family)	3	68.5	Priority 2
MSLW2_contig_10992_2	Moderate	TierA|FAcD|DehH1_FA1|Burkholderia_sp_FA1|Q1JU72	A	32.3	41.8	5	1.4748	NA	NA	False	2	0	Screened (priority subset structural model verified for representative family)	3	67.8	Priority 2
MCW2_contig_284311_1	Moderate	TierA|FAcD|DehH1_FA1|Burkholderia_sp_FA1|Q1JU72	A	33.6	40.1	4	1.6024	Bacteria;Pseudomonadota;Betaproteobacteria;	alpha/beta hydrolase	False	1	0	Screened (priority subset structural model verified for representative family)	3	67.6	Priority 2
PHW1_contig_292623_1	Moderate	TierA|FAcD|DehH1_FA1|Burkholderia_sp_FA1|Q1JU72	A	35.3	38.2	11	4.4289	NA	NA	False	1	0	Screened (priority subset structural model verified for representative family)	3	67.5	Priority 2
MSLW2_contig_286388_1	Moderate	TierA|FAcD|RPA1163|Rhodopseudomonas_palustris|PDB_5SWN	A	36.4	37.0	4	2.1419	NA	NA	False	2	0	Screened (priority subset structural model verified for representative family)	3	67.4	Priority 2
SCW1_contig_27231_19	Moderate	TierA|FAcD|DehH1_FA1|Burkholderia_sp_FA1|Q1JU72	A	35.8	35.9	11	4.8632	NA	NA	False	19	0	Screened (priority subset structural model verified for representative family)	3	66.6	Priority 2
SHW1_contig_242677_1	Moderate	TierA|FAcD|H-1|Delftia_acidovorans|Q01398	A	34.7	33.3	9	3.6114	Unknown	hypothetical protein A2W94_00115	False	1	0	Screened (priority subset structural model verified for representative family)	3	64.7	Priority 2
MCW2_contig_262759_1	High-confidence	Toolkit|ToolkitTierA|aromatic_F|BCRD_THAAR|O87877	A	70.7	79.8	2	0.7685	Bacteria;Pseudomonadota;Betaproteobacteria;	benzoyl-CoA reductase subunit D	False	1	0	Screened (priority subset structural model verified for representative family)	2	98.3	Priority 3
SSLW2_contig_45641_2	High-confidence	Toolkit|ToolkitTierA|aromatic_F|CBAD2_ARTSP|Q9LCU3	A	30.6	93.5	1	0.4789	NA	NA	False	2	0	Screened (priority subset structural model verified for representative family)	2	83.1	Priority 3
SCW2_contig_60765_5	High-confidence	Toolkit|ToolkitTierA|aromatic_F|CBADH_PSEUC|A5JTM5	A	34.8	84.4	0	0	NA	NA	False	13	0	Screened (priority subset structural model verified for representative family)	2	80.6	Priority 3
PCW2_contig_2978_1	High-confidence	Toolkit|ToolkitTierA|aromatic_F|CBAD1_ARTSP|O85078	A	30.2	84.1	1	0.5341	Archaea;Euryarchaeota;Halobacteria;Natrialbales;Natrialbaceae;	3-hydroxyacyl-CoA dehydrogenase NAD-binding protein	False	1	0	Screened (priority subset structural model verified for representative family)	2	78.1	Priority 3
SSLW2_contig_133961_1	High-confidence	Toolkit|ToolkitTierA|aromatic_F|CBADH_PSEUC|A5JTM5	A	32.4	81.4	1	0.4441	NA	NA	False	1	0	Screened (priority subset structural model verified for representative family)	2	77.7	Priority 3
SCW2_contig_111889_14	High-confidence	Toolkit|ToolkitTierA|aromatic_F|CBAD2_ARTSP|Q9LCU3	A	30.6	80.4	0	0	NA	NA	False	28	0	Screened (priority subset structural model verified for representative family)	2	76.5	Priority 3
SCW2_contig_111466_2	High-confidence	Toolkit|ToolkitTierA|aromatic_F|CBADH_PSEUC|A5JTM5	A	31.0	79.2	0	0	NA	NA	False	3	0	Screened (priority subset structural model verified for representative family)	2	75.8	Priority 3
MCW2_contig_120574_3	High-confidence	Toolkit|ToolkitTierA|aromatic_F|CBAD1_ARTSP|O85078	A	30.4	78.6	2	0.9361	Unknown	crotonase/enoyl-CoA hydratase family protein	False	4	0	Screened (priority subset structural model verified for representative family)	2	75.4	Priority 3
SCW2_contig_108227_3	High-confidence	Toolkit|ToolkitTierA|aromatic_F|CBADH_PSEUC|A5JTM5	A	33.3	74.7	0	0	NA	NA	False	2	0	Screened (priority subset structural model verified for representative family)	2	74.9	Priority 3
SSLW2_contig_13178_4	High-confidence	Toolkit|ToolkitTierA|aromatic_F|CBADH_PSEUC|A5JTM5	A	31.4	75.8	1	1.5457	Bacteria;Pseudomonadota;Gammaproteobacteria;Enterobacterales;	1,4-dihydroxy-2-naphthoyl-CoA synthase	False	5	0	Screened (priority subset structural model verified for representative family)	2	74.5	Priority 3
SCW2_contig_198166_1	High-confidence	Toolkit|ToolkitTierA|aromatic_F|CBAD2_ARTSP|Q9LCU3	A	33.2	72.1	0	0	NA	NA	False	2	0	Screened (priority subset structural model verified for representative family)	2	73.8	Priority 3
SCW2_contig_6769_4	High-confidence	Toolkit|ToolkitTierA|aromatic_F|CBADH_PSEUC|A5JTM5	A	31.8	73.6	0	0	NA	NA	False	6	0	Screened (priority subset structural model verified for representative family)	2	73.6	Priority 3
PCW2_contig_50677_2	High-confidence	Toolkit|ToolkitTierA|aromatic_F|CBADH_PSEUC|A5JTM5	A	33.2	71.7	1	0.584	Bacteria;Bacteroidota;Bacteroidia;Bacteroidales;	1,4-dihydroxy-2-naphthoyl-CoA synthase	False	4	0	Screened (priority subset structural model verified for representative family)	2	73.3	Priority 3
PCW1_contig_411905_1	High-confidence	Toolkit|ToolkitTierA|aromatic_F|CBAD1_ARTSP|O85078	A	30.2	74.3	2	0.8434	Unknown	crotonase/enoyl-CoA hydratase family protein	False	2	0	Screened (priority subset structural model verified for representative family)	2	73.1	Priority 3
PSLW1_contig_230040_4	High-confidence	Toolkit|ToolkitTierA|aromatic_F|CBAD2_ARTSP|Q9LCU3	A	31.3	72.8	1	1.3621	NA	NA	False	8	0	Screened (priority subset structural model verified for representative family)	2	73.0	Priority 3
SCW2_contig_195645_2	High-confidence	Toolkit|ToolkitTierA|aromatic_F|CBAD2_ARTSP|Q9LCU3	A	30.6	71.0	0	0	NA	NA	False	9	0	Screened (priority subset structural model verified for representative family)	2	71.5	Priority 3
PCW2_contig_210277_1	Moderate	TierA|FAcD|DehH1_FA1|Burkholderia_sp_FA1|Q1JU72	A	33.3	68.1	2	0.9082	Archaea;Euryarchaeota;Halobacteria;Natrialbales;Natrialbaceae;Natrinema;	alpha/beta hydrolase	False	1	0	Screened (priority subset structural model verified for representative family)	2	71.5	Priority 3
MCW2_contig_111511_2	Moderate	Toolkit|ToolkitTierA|aromatic_F|CBADH_PSEUC|A5JTM5	A	32.1	68.4	2	0.9235	NA	NA	False	1	0	Screened (priority subset structural model verified for representative family)	2	71.0	Priority 3
PSLW1_contig_243603_1	Moderate	TierA|HAD|Raoultibacter_phocaeensis|Raoultibacter_phocaeensis|WP_139652913.1	A	27.2	73.3	1	0.2736	NA	NA	False	1	0	Screened (priority subset structural model verified for representative family)	2	70.9	Priority 3
PSLW2_contig_149850_5	Moderate	Toolkit|ToolkitTierA|aromatic_F|CBAD1_ARTSP|O85078	A	37.0	62.7	1	1.039	NA	NA	False	6	0	Screened (priority subset structural model verified for representative family)	2	70.8	Priority 3
PCW1_contig_407229_1	Moderate	Toolkit|ToolkitTierA|aromatic_F|CBAD2_ARTSP|Q9LCU3	A	31.0	67.8	2	1.2424	NA	NA	False	1	0	Screened (priority subset structural model verified for representative family)	2	70.5	Priority 3
PCW1_contig_8105_1	Moderate	TierA|FAcD|DehH1_FA1|Burkholderia_sp_FA1|Q1JU72	A	29.5	69.1	2	0.9129	Unknown	alpha/beta hydrolase	False	1	0	Screened (priority subset structural model verified for representative family)	2	70.1	Priority 3
SSLW2_contig_22599_50	Moderate	Toolkit|ToolkitTierA|aromatic_F|CBAD2_ARTSP|Q9LCU3	A	29.6	67.4	1	2.9702	NA	NA	False	111	0	Screened (priority subset structural model verified for representative family)	2	69.4	Priority 3
PCW2_contig_207335_1	Moderate	Toolkit|ToolkitTierA|aromatic_F|CBAD1_ARTSP|O85078	A	31.1	65.2	1	0.869	Archaea;Euryarchaeota;Halobacteria;Natrialbales;Natrialbaceae;	enoyl-CoA hydratase/isomerase family protein	False	1	0	Screened (priority subset structural model verified for representative family)	2	68.9	Priority 3
MHW2_contig_22176_1	Moderate	Toolkit|ToolkitTierA|aromatic_F|CBAD2_ARTSP|Q9LCU3	A	30.6	65.2	2	1.2571	NA	NA	False	1	0	Screened (priority subset structural model verified for representative family)	2	68.8	Priority 3
SCW2_contig_153635_1	Moderate	Toolkit|ToolkitTierA|aromatic_F|CBAD2_ARTSP|Q9LCU3	A	27.4	68.8	0	0	NA	NA	False	1	0	Screened (priority subset structural model verified for representative family)	2	68.8	Priority 3
PCW1_contig_310794_1	Moderate	Toolkit|ToolkitTierA|aromatic_F|CBAD2_ARTSP|Q9LCU3	A	30.4	65.6	1	0.6521	NA	NA	False	2	0	Screened (priority subset structural model verified for representative family)	2	68.6	Priority 3
MCW2_contig_45511_2	Moderate	Toolkit|ToolkitTierA|aromatic_F|CBADH_PSEUC|A5JTM5	A	30.9	65.1	2	0.4266	NA	NA	False	1	0	Screened (priority subset structural model verified for representative family)	2	68.6	Priority 3
PSLW2_contig_449369_2	Moderate	Toolkit|ToolkitTierA|aromatic_F|CBAD2_ARTSP|Q9LCU3	A	29.1	65.9	1	0.3895	NA	NA	False	3	0	Screened (priority subset structural model verified for representative family)	2	68.1	Priority 3
MCW2_contig_233613_1	Moderate	Toolkit|ToolkitTierA|aromatic_F|CBAD1_ARTSP|O85078	A	28.0	65.9	1	0.6421	NA	NA	False	1	0	Screened (priority subset structural model verified for representative family)	2	67.6	Priority 3
PCW1_contig_400269_2	Moderate	Toolkit|ToolkitTierA|aromatic_F|BCRC_THAAR|O87874	A	25.4	68.4	2	1.7258	NA	NA	False	7	0	Screened (priority subset structural model verified for representative family)	2	67.3	Priority 3
PCW1_contig_412614_1	Moderate	Toolkit|ToolkitTierA|aromatic_F|CBAD1_ARTSP|O85078	A	32.7	59.8	1	0.41	NA	NA	False	1	0	Screened (priority subset structural model verified for representative family)	2	67.0	Priority 3
SCW2_contig_166065_1	Moderate	Toolkit|ToolkitTierA|aromatic_F|CBAD2_ARTSP|Q9LCU3	A	32.9	59.4	0	0	NA	NA	False	2	0	Screened (priority subset structural model verified for representative family)	2	66.9	Priority 3
PSLW2_contig_329610_1	Moderate	Toolkit|ToolkitTierA|aromatic_F|CBAD1_ARTSP|O85078	A	29.5	62.7	1	0.4045	NA	NA	False	1	0	Screened (priority subset structural model verified for representative family)	2	66.8	Priority 3
SCW2_contig_212987_1	Moderate	Toolkit|ToolkitTierA|aromatic_F|CBAD2_ARTSP|Q9LCU3	A	34.0	57.6	0	0	NA	NA	False	1	0	Screened (priority subset structural model verified for representative family)	2	66.7	Priority 3
MCW2_contig_415710_1	Moderate	Toolkit|ToolkitTierA|aromatic_F|CBADH_PSEUC|A5JTM5	A	25.1	66.5	1	0.7415	Unknown	3-hydroxyacyl-CoA dehydrogenase, partial	False	1	0	Screened (priority subset structural model verified for representative family)	2	66.4	Priority 3
PCW1_contig_233529_1	Moderate	Toolkit|ToolkitTierA|aromatic_F|CBADH_PSEUC|A5JTM5	A	32.9	57.6	1	0.3788	NA	NA	False	1	0	Screened (priority subset structural model verified for representative family)	2	66.1	Priority 3
SCW2_contig_3995_4	Moderate	Toolkit|ToolkitTierA|aromatic_F|CBAD2_ARTSP|Q9LCU3	A	27.3	63.8	0	0	NA	NA	False	4	0	Screened (priority subset structural model verified for representative family)	2	66.1	Priority 3
SCW2_contig_17207_1	Moderate	Toolkit|ToolkitTierA|aromatic_F|CBAD2_ARTSP|Q9LCU3	A	27.0	63.0	0	0	NA	NA	False	1	0	Screened (priority subset structural model verified for representative family)	2	65.7	Priority 3
MCW2_contig_12692_2	Moderate	Toolkit|ToolkitTierA|aromatic_F|CBAD1_ARTSP|O85078	A	28.1	62.0	2	0.4388	NA	NA	False	2	0	Screened (priority subset structural model verified for representative family)	2	65.6	Priority 3
SCW2_contig_126528_1	Moderate	Toolkit|ToolkitTierA|aromatic_F|CBAD1_ARTSP|O85078	A	26.8	60.9	0	0	NA	NA	False	2	0	Screened (priority subset structural model verified for representative family)	2	64.5	Priority 3
MCW2_contig_352294_1	Moderate	Toolkit|ToolkitTierA|aromatic_F|CBAD1_ARTSP|O85078	A	30.8	56.5	2	1.152	Bacteria;Pseudomonadota;Betaproteobacteria;Burkholderiales;Comamonadaceae;	2,3-dehydroadipyl-CoA hydratase	False	1	0	Screened (priority subset structural model verified for representative family)	2	64.3	Priority 3
PCW1_contig_169749_2	Moderate	Toolkit|ToolkitTierA|aromatic_F|CBAD1_ARTSP|O85078	A	30.1	56.5	2	0.7436	Bacteria;Pseudomonadota;Betaproteobacteria;Burkholderiales;	crotonase/enoyl-CoA hydratase family protein	False	2	0	Screened (priority subset structural model verified for representative family)	2	64.0	Priority 3
SSLW1_contig_265783_1	Moderate	Toolkit|ToolkitTierA|aromatic_F|CBAD1_ARTSP|O85078	A	26.5	60.1	2	1.3703	Unknown	putative enoyl-CoA hydratase echA8	False	1	0	Screened (priority subset structural model verified for representative family)	2	63.9	Priority 3
SCW2_contig_75648_1	Moderate	Toolkit|ToolkitTierA|aromatic_F|CBAD2_ARTSP|Q9LCU3	A	27.2	58.7	0	0	NA	NA	False	1	0	Screened (priority subset structural model verified for representative family)	2	63.6	Priority 3
SCW2_contig_185568_1	Moderate	Toolkit|ToolkitTierA|aromatic_F|CBADH_PSEUC|A5JTM5	A	26.3	59.5	0	0	NA	NA	False	1	0	Screened (priority subset structural model verified for representative family)	2	63.5	Priority 3
SCW2_contig_31608_1	Moderate	Toolkit|ToolkitTierA|aromatic_F|CBAD1_ARTSP|O85078	A	30.3	55.1	0	0	NA	NA	False	1	0	Screened (priority subset structural model verified for representative family)	2	63.4	Priority 3
SCW2_contig_149985_1	Moderate	Toolkit|ToolkitTierA|aromatic_F|CBAD1_ARTSP|O85078	A	30.1	55.4	0	0	NA	NA	False	1	0	Screened (priority subset structural model verified for representative family)	2	63.3	Priority 3
MHW1_contig_230405_1	Moderate	TierA|HAD|Rha0230|Rhodococcus_jostii_RHA1|PDB_3UMG	A	26.5	59.4	1	0.5923	NA	NA	False	1	0	Screened (priority subset structural model verified for representative family)	2	63.3	Priority 3
SCW2_contig_150648_1	Moderate	Toolkit|ToolkitTierA|aromatic_F|CBADH_PSEUC|A5JTM5	A	29.3	55.8	0	0	NA	NA	False	1	0	Screened (priority subset structural model verified for representative family)	2	63.2	Priority 3
SCW2_contig_130909_1	Moderate	Toolkit|ToolkitTierA|aromatic_F|CBAD2_ARTSP|Q9LCU3	A	28.0	56.9	0	0	NA	NA	False	1	0	Screened (priority subset structural model verified for representative family)	2	63.1	Priority 3
SCW2_contig_16835_1	Moderate	Toolkit|ToolkitTierA|aromatic_F|CBAD2_ARTSP|Q9LCU3	A	25.6	59.4	0	0	NA	NA	False	1	0	Screened (priority subset structural model verified for representative family)	2	63.0	Priority 3
PCW1_contig_372414_2	Moderate	Toolkit|ToolkitTierA|aromatic_F|CBAD1_ARTSP|O85078	A	28.6	55.8	2	0.9322	Unknown	2-(1,2-epoxy-1,2-dihydrophenyl)acetyl-CoA isomerase	False	2	0	Screened (priority subset structural model verified for representative family)	2	62.9	Priority 3
SCW2_contig_130126_1	Moderate	Toolkit|ToolkitTierA|aromatic_F|CBADH_PSEUC|A5JTM5	A	26.5	57.6	0	0	NA	NA	False	2	0	Screened (priority subset structural model verified for representative family)	2	62.5	Priority 3
SCW2_contig_183095_2	Moderate	TierA|HAD|Raoultibacter_phocaeensis|Raoultibacter_phocaeensis|WP_139652913.1	A	25.0	57.9	0	0	NA	NA	False	3	0	Screened (priority subset structural model verified for representative family)	2	61.9	Priority 3
MCW2_contig_241579_2	Moderate	TierA|DEF2|Dechloromonas_aromatica_RCB|Dechloromonas_aromatica|PDB_8SDC	A	50.5	31.3	1	3.8473	NA	NA	False	2	0	Screened (priority subset structural model verified for representative family)	2	61.8	Priority 3
SHW1_contig_286236_1	Moderate	TierA|FAcD|RPA1163|Rhodopseudomonas_palustris|PDB_5SWN	A	55.4	24.9	1	1.7295	NA	NA	False	1	0	Screened (priority subset structural model verified for representative family)	2	61.1	Priority 3
MCW2_contig_150213_2	Moderate	Toolkit|ToolkitTierA|aromatic_F|CBAD1_ARTSP|O85078	A	25.0	55.1	2	1.4177	NA	NA	False	2	0	Screened (priority subset structural model verified for representative family)	2	60.6	Priority 3
PSLW2_contig_399809_1	Moderate	TierA|FAcD|H-1|Delftia_acidovorans|Q01398	A	36.8	39.8	2	0.2505	NA	NA	False	1	0	Screened (priority subset structural model verified for representative family)	2	59.1	Priority 3
MCW2_contig_192154_2	Moderate	TierA|FAcD|H-1|Delftia_acidovorans|Q01398	A	33.3	42.9	2	1.0611	NA	NA	False	1	0	Screened (priority subset structural model verified for representative family)	2	58.9	Priority 3
PSLW2_contig_43651_3	Moderate	TierA|FAcD|RPA1163|Rhodopseudomonas_palustris|PDB_5SWN	A	34.8	37.7	2	0.573	NA	NA	False	5	0	Screened (priority subset structural model verified for representative family)	2	57.0	Priority 3
